Timing Analyzer report for ep4ce10
Sat May 30 19:51:49 2026
Quartus Prime Version 23.1std.1 Build 993 05/14/2024 SC Lite Edition


---------------------
; Table of Contents ;
---------------------
  1. Legal Notice
  2. Timing Analyzer Summary
  3. Parallel Compilation
  4. SDC File List
  5. Clocks
  6. Slow 1200mV 85C Model Fmax Summary
  7. Timing Closure Recommendations
  8. Slow 1200mV 85C Model Setup Summary
  9. Slow 1200mV 85C Model Hold Summary
 10. Slow 1200mV 85C Model Recovery Summary
 11. Slow 1200mV 85C Model Removal Summary
 12. Slow 1200mV 85C Model Minimum Pulse Width Summary
 13. Slow 1200mV 85C Model Setup: 'pll_inst|altpll_component|auto_generated|pll1|clk[0]'
 14. Slow 1200mV 85C Model Setup: 'clk_500hz'
 15. Slow 1200mV 85C Model Hold: 'pll_inst|altpll_component|auto_generated|pll1|clk[0]'
 16. Slow 1200mV 85C Model Hold: 'clk_500hz'
 17. Slow 1200mV 85C Model Metastability Summary
 18. Slow 1200mV 0C Model Fmax Summary
 19. Slow 1200mV 0C Model Setup Summary
 20. Slow 1200mV 0C Model Hold Summary
 21. Slow 1200mV 0C Model Recovery Summary
 22. Slow 1200mV 0C Model Removal Summary
 23. Slow 1200mV 0C Model Minimum Pulse Width Summary
 24. Slow 1200mV 0C Model Setup: 'pll_inst|altpll_component|auto_generated|pll1|clk[0]'
 25. Slow 1200mV 0C Model Setup: 'clk_500hz'
 26. Slow 1200mV 0C Model Hold: 'pll_inst|altpll_component|auto_generated|pll1|clk[0]'
 27. Slow 1200mV 0C Model Hold: 'clk_500hz'
 28. Slow 1200mV 0C Model Metastability Summary
 29. Fast 1200mV 0C Model Setup Summary
 30. Fast 1200mV 0C Model Hold Summary
 31. Fast 1200mV 0C Model Recovery Summary
 32. Fast 1200mV 0C Model Removal Summary
 33. Fast 1200mV 0C Model Minimum Pulse Width Summary
 34. Fast 1200mV 0C Model Setup: 'pll_inst|altpll_component|auto_generated|pll1|clk[0]'
 35. Fast 1200mV 0C Model Setup: 'clk_500hz'
 36. Fast 1200mV 0C Model Hold: 'pll_inst|altpll_component|auto_generated|pll1|clk[0]'
 37. Fast 1200mV 0C Model Hold: 'clk_500hz'
 38. Fast 1200mV 0C Model Metastability Summary
 39. Multicorner Timing Analysis Summary
 40. Board Trace Model Assignments
 41. Input Transition Times
 42. Signal Integrity Metrics (Slow 1200mv 0c Model)
 43. Signal Integrity Metrics (Slow 1200mv 85c Model)
 44. Signal Integrity Metrics (Fast 1200mv 0c Model)
 45. Setup Transfers
 46. Hold Transfers
 47. Report TCCS
 48. Report RSKM
 49. Unconstrained Paths Summary
 50. Clock Status Summary
 51. Timing Analyzer Messages



----------------
; Legal Notice ;
----------------
Copyright (C) 2024  Intel Corporation. All rights reserved.
Your use of Intel Corporation's design tools, logic functions 
and other software and tools, and any partner logic 
functions, and any output files from any of the foregoing 
(including device programming or simulation files), and any 
associated documentation or information are expressly subject 
to the terms and conditions of the Intel Program License 
Subscription Agreement, the Intel Quartus Prime License Agreement,
the Intel FPGA IP License Agreement, or other applicable license
agreement, including, without limitation, that your use is for
the sole purpose of programming logic devices manufactured by
Intel and sold by Intel or its authorized distributors.  Please
refer to the applicable agreement for further details, at
https://fpgasoftware.intel.com/eula.



+--------------------------------------------------------------------------------+
; Timing Analyzer Summary                                                        ;
+-----------------------+--------------------------------------------------------+
; Quartus Prime Version ; Version 23.1std.1 Build 993 05/14/2024 SC Lite Edition ;
; Timing Analyzer       ; Legacy Timing Analyzer                                 ;
; Revision Name         ; ep4ce10                                                ;
; Device Family         ; Cyclone IV E                                           ;
; Device Name           ; EP4CE10F17C8                                           ;
; Timing Models         ; Final                                                  ;
; Delay Model           ; Combined                                               ;
; Rise/Fall Delays      ; Enabled                                                ;
+-----------------------+--------------------------------------------------------+


+------------------------------------------+
; Parallel Compilation                     ;
+----------------------------+-------------+
; Processors                 ; Number      ;
+----------------------------+-------------+
; Number detected on machine ; 12          ;
; Maximum allowed            ; 8           ;
;                            ;             ;
; Average used               ; 1.04        ;
; Maximum used               ; 8           ;
;                            ;             ;
; Usage by Processor         ; % Time Used ;
;     Processor 1            ; 100.0%      ;
;     Processors 2-8         ;   0.6%      ;
+----------------------------+-------------+


+---------------------------------------------------+
; SDC File List                                     ;
+---------------+--------+--------------------------+
; SDC File Path ; Status ; Read at                  ;
+---------------+--------+--------------------------+
; ep4ce10.sdc   ; OK     ; Sat May 30 19:51:48 2026 ;
+---------------+--------+--------------------------+


+-----------------------------------------------------------------------------------------------------------------------------------------------------------------------------------------------------------------------------------------------------------------------------------------------------------------------------------------------------------------------------------------+
; Clocks                                                                                                                                                                                                                                                                                                                                                                                  ;
+------------------------------------------------------+-----------+-------------+-----------+-------+-------------+------------+-----------+-------------+-------+--------+-----------+------------+----------+------------------------------------------------------+--------------------------------------------------------+----------------------------------------------------------+
; Clock Name                                           ; Type      ; Period      ; Frequency ; Rise  ; Fall        ; Duty Cycle ; Divide by ; Multiply by ; Phase ; Offset ; Edge List ; Edge Shift ; Inverted ; Master                                               ; Source                                                 ; Targets                                                  ;
+------------------------------------------------------+-----------+-------------+-----------+-------+-------------+------------+-----------+-------------+-------+--------+-----------+------------+----------+------------------------------------------------------+--------------------------------------------------------+----------------------------------------------------------+
; clk_40m                                              ; Base      ; 25.000      ; 40.0 MHz  ; 0.000 ; 12.500      ;            ;           ;             ;       ;        ;           ;            ;          ;                                                      ;                                                        ; { clk_40m }                                              ;
; clk_500hz                                            ; Generated ; 2000000.000 ; 0.0 MHz   ; 0.000 ; 1000000.000 ;            ; 256       ; 1           ;       ;        ;           ;            ; false    ; pll_inst|altpll_component|auto_generated|pll1|clk[0] ; pll_inst|altpll_component|auto_generated|pll1|clk[0]   ; { r500hz[7] }                                            ;
; pll_inst|altpll_component|auto_generated|pll1|clk[0] ; Generated ; 7812.500    ; 0.13 MHz  ; 0.000 ; 3906.250    ; 50.00      ; 625       ; 2           ;       ;        ;           ;            ; false    ; clk_40m                                              ; pll_inst|altpll_component|auto_generated|pll1|inclk[0] ; { pll_inst|altpll_component|auto_generated|pll1|clk[0] } ;
+------------------------------------------------------+-----------+-------------+-----------+-------+-------------+------------+-----------+-------------+-------+--------+-----------+------------+----------+------------------------------------------------------+--------------------------------------------------------+----------------------------------------------------------+


+--------------------------------------------------------------------------------------------+
; Slow 1200mV 85C Model Fmax Summary                                                         ;
+------------+-----------------+------------------------------------------------------+------+
; Fmax       ; Restricted Fmax ; Clock Name                                           ; Note ;
+------------+-----------------+------------------------------------------------------+------+
; 107.75 MHz ; 107.75 MHz      ; clk_500hz                                            ;      ;
; 358.42 MHz ; 358.42 MHz      ; pll_inst|altpll_component|auto_generated|pll1|clk[0] ;      ;
+------------+-----------------+------------------------------------------------------+------+
This panel reports FMAX for every clock in the design, regardless of the user-specified clock periods.  FMAX is only computed for paths where the source and destination registers or ports are driven by the same clock.  Paths of different clocks, including generated clocks, are ignored.  For paths between a clock and its inversion, FMAX is computed as if the rising and falling edges are scaled along with FMAX, such that the duty cycle (in terms of a percentage) is maintained. Altera recommends that you always use clock constraints and other slack reports for sign-off analysis.


----------------------------------
; Timing Closure Recommendations ;
----------------------------------
HTML report is unavailable in plain text report export.


+------------------------------------------------------------------------------------+
; Slow 1200mV 85C Model Setup Summary                                                ;
+------------------------------------------------------+-------------+---------------+
; Clock                                                ; Slack       ; End Point TNS ;
+------------------------------------------------------+-------------+---------------+
; pll_inst|altpll_component|auto_generated|pll1|clk[0] ; 7809.710    ; 0.000         ;
; clk_500hz                                            ; 1999990.719 ; 0.000         ;
+------------------------------------------------------+-------------+---------------+


+------------------------------------------------------------------------------+
; Slow 1200mV 85C Model Hold Summary                                           ;
+------------------------------------------------------+-------+---------------+
; Clock                                                ; Slack ; End Point TNS ;
+------------------------------------------------------+-------+---------------+
; pll_inst|altpll_component|auto_generated|pll1|clk[0] ; 0.465 ; 0.000         ;
; clk_500hz                                            ; 0.498 ; 0.000         ;
+------------------------------------------------------+-------+---------------+


------------------------------------------
; Slow 1200mV 85C Model Recovery Summary ;
------------------------------------------
No paths to report.


-----------------------------------------
; Slow 1200mV 85C Model Removal Summary ;
-----------------------------------------
No paths to report.


+-----------------------------------------------------------------------------------+
; Slow 1200mV 85C Model Minimum Pulse Width Summary                                 ;
+------------------------------------------------------+------------+---------------+
; Clock                                                ; Slack      ; End Point TNS ;
+------------------------------------------------------+------------+---------------+
; clk_40m                                              ; 12.358     ; 0.000         ;
; pll_inst|altpll_component|auto_generated|pll1|clk[0] ; 3905.970   ; 0.000         ;
; clk_500hz                                            ; 999999.787 ; 0.000         ;
+------------------------------------------------------+------------+---------------+


+-----------------------------------------------------------------------------------------------------------------------------------------------------------------------------------------+
; Slow 1200mV 85C Model Setup: 'pll_inst|altpll_component|auto_generated|pll1|clk[0]'                                                                                                     ;
+----------+-----------+-----------+------------------------------------------------------+------------------------------------------------------+--------------+------------+------------+
; Slack    ; From Node ; To Node   ; Launch Clock                                         ; Latch Clock                                          ; Relationship ; Clock Skew ; Data Delay ;
+----------+-----------+-----------+------------------------------------------------------+------------------------------------------------------+--------------+------------+------------+
; 7809.710 ; r500hz[1] ; r500hz[7] ; pll_inst|altpll_component|auto_generated|pll1|clk[0] ; pll_inst|altpll_component|auto_generated|pll1|clk[0] ; 7812.500     ; -0.081     ; 2.710      ;
; 7809.772 ; r500hz[2] ; r500hz[7] ; pll_inst|altpll_component|auto_generated|pll1|clk[0] ; pll_inst|altpll_component|auto_generated|pll1|clk[0] ; 7812.500     ; -0.081     ; 2.648      ;
; 7809.863 ; r500hz[0] ; r500hz[7] ; pll_inst|altpll_component|auto_generated|pll1|clk[0] ; pll_inst|altpll_component|auto_generated|pll1|clk[0] ; 7812.500     ; -0.081     ; 2.557      ;
; 7809.918 ; r500hz[4] ; r500hz[7] ; pll_inst|altpll_component|auto_generated|pll1|clk[0] ; pll_inst|altpll_component|auto_generated|pll1|clk[0] ; 7812.500     ; -0.081     ; 2.502      ;
; 7810.016 ; r500hz[3] ; r500hz[7] ; pll_inst|altpll_component|auto_generated|pll1|clk[0] ; pll_inst|altpll_component|auto_generated|pll1|clk[0] ; 7812.500     ; -0.081     ; 2.404      ;
; 7810.067 ; r500hz[6] ; r500hz[7] ; pll_inst|altpll_component|auto_generated|pll1|clk[0] ; pll_inst|altpll_component|auto_generated|pll1|clk[0] ; 7812.500     ; -0.081     ; 2.353      ;
; 7810.095 ; r500hz[1] ; r500hz[6] ; pll_inst|altpll_component|auto_generated|pll1|clk[0] ; pll_inst|altpll_component|auto_generated|pll1|clk[0] ; 7812.500     ; -0.081     ; 2.325      ;
; 7810.162 ; r500hz[5] ; r500hz[7] ; pll_inst|altpll_component|auto_generated|pll1|clk[0] ; pll_inst|altpll_component|auto_generated|pll1|clk[0] ; 7812.500     ; -0.081     ; 2.258      ;
; 7810.241 ; r500hz[1] ; r500hz[4] ; pll_inst|altpll_component|auto_generated|pll1|clk[0] ; pll_inst|altpll_component|auto_generated|pll1|clk[0] ; 7812.500     ; -0.081     ; 2.179      ;
; 7810.270 ; r500hz[1] ; r500hz[5] ; pll_inst|altpll_component|auto_generated|pll1|clk[0] ; pll_inst|altpll_component|auto_generated|pll1|clk[0] ; 7812.500     ; -0.081     ; 2.150      ;
; 7810.304 ; r500hz[0] ; r500hz[6] ; pll_inst|altpll_component|auto_generated|pll1|clk[0] ; pll_inst|altpll_component|auto_generated|pll1|clk[0] ; 7812.500     ; -0.081     ; 2.116      ;
; 7810.332 ; r500hz[2] ; r500hz[5] ; pll_inst|altpll_component|auto_generated|pll1|clk[0] ; pll_inst|altpll_component|auto_generated|pll1|clk[0] ; 7812.500     ; -0.081     ; 2.088      ;
; 7810.362 ; r500hz[2] ; r500hz[6] ; pll_inst|altpll_component|auto_generated|pll1|clk[0] ; pll_inst|altpll_component|auto_generated|pll1|clk[0] ; 7812.500     ; -0.081     ; 2.058      ;
; 7810.387 ; r500hz[1] ; r500hz[2] ; pll_inst|altpll_component|auto_generated|pll1|clk[0] ; pll_inst|altpll_component|auto_generated|pll1|clk[0] ; 7812.500     ; -0.081     ; 2.033      ;
; 7810.416 ; r500hz[1] ; r500hz[3] ; pll_inst|altpll_component|auto_generated|pll1|clk[0] ; pll_inst|altpll_component|auto_generated|pll1|clk[0] ; 7812.500     ; -0.081     ; 2.004      ;
; 7810.423 ; r500hz[0] ; r500hz[5] ; pll_inst|altpll_component|auto_generated|pll1|clk[0] ; pll_inst|altpll_component|auto_generated|pll1|clk[0] ; 7812.500     ; -0.081     ; 1.997      ;
; 7810.446 ; r500hz[3] ; r500hz[6] ; pll_inst|altpll_component|auto_generated|pll1|clk[0] ; pll_inst|altpll_component|auto_generated|pll1|clk[0] ; 7812.500     ; -0.081     ; 1.974      ;
; 7810.450 ; r500hz[0] ; r500hz[4] ; pll_inst|altpll_component|auto_generated|pll1|clk[0] ; pll_inst|altpll_component|auto_generated|pll1|clk[0] ; 7812.500     ; -0.081     ; 1.970      ;
; 7810.478 ; r500hz[4] ; r500hz[5] ; pll_inst|altpll_component|auto_generated|pll1|clk[0] ; pll_inst|altpll_component|auto_generated|pll1|clk[0] ; 7812.500     ; -0.081     ; 1.942      ;
; 7810.478 ; r500hz[2] ; r500hz[3] ; pll_inst|altpll_component|auto_generated|pll1|clk[0] ; pll_inst|altpll_component|auto_generated|pll1|clk[0] ; 7812.500     ; -0.081     ; 1.942      ;
; 7810.508 ; r500hz[4] ; r500hz[6] ; pll_inst|altpll_component|auto_generated|pll1|clk[0] ; pll_inst|altpll_component|auto_generated|pll1|clk[0] ; 7812.500     ; -0.081     ; 1.912      ;
; 7810.508 ; r500hz[2] ; r500hz[4] ; pll_inst|altpll_component|auto_generated|pll1|clk[0] ; pll_inst|altpll_component|auto_generated|pll1|clk[0] ; 7812.500     ; -0.081     ; 1.912      ;
; 7810.569 ; r500hz[0] ; r500hz[3] ; pll_inst|altpll_component|auto_generated|pll1|clk[0] ; pll_inst|altpll_component|auto_generated|pll1|clk[0] ; 7812.500     ; -0.081     ; 1.851      ;
; 7810.576 ; r500hz[3] ; r500hz[5] ; pll_inst|altpll_component|auto_generated|pll1|clk[0] ; pll_inst|altpll_component|auto_generated|pll1|clk[0] ; 7812.500     ; -0.081     ; 1.844      ;
; 7810.592 ; r500hz[5] ; r500hz[6] ; pll_inst|altpll_component|auto_generated|pll1|clk[0] ; pll_inst|altpll_component|auto_generated|pll1|clk[0] ; 7812.500     ; -0.081     ; 1.828      ;
; 7810.592 ; r500hz[3] ; r500hz[4] ; pll_inst|altpll_component|auto_generated|pll1|clk[0] ; pll_inst|altpll_component|auto_generated|pll1|clk[0] ; 7812.500     ; -0.081     ; 1.828      ;
; 7810.596 ; r500hz[0] ; r500hz[2] ; pll_inst|altpll_component|auto_generated|pll1|clk[0] ; pll_inst|altpll_component|auto_generated|pll1|clk[0] ; 7812.500     ; -0.081     ; 1.824      ;
; 7810.718 ; r500hz[7] ; r500hz[7] ; clk_500hz                                            ; pll_inst|altpll_component|auto_generated|pll1|clk[0] ; 7812.500     ; -0.342     ; 1.702      ;
; 7810.795 ; r500hz[7] ; r500hz[7] ; clk_500hz                                            ; pll_inst|altpll_component|auto_generated|pll1|clk[0] ; 7812.500     ; -0.342     ; 1.625      ;
; 7811.001 ; r500hz[1] ; r500hz[1] ; pll_inst|altpll_component|auto_generated|pll1|clk[0] ; pll_inst|altpll_component|auto_generated|pll1|clk[0] ; 7812.500     ; -0.081     ; 1.419      ;
; 7811.153 ; r500hz[0] ; r500hz[1] ; pll_inst|altpll_component|auto_generated|pll1|clk[0] ; pll_inst|altpll_component|auto_generated|pll1|clk[0] ; 7812.500     ; -0.081     ; 1.267      ;
; 7811.161 ; r500hz[5] ; r500hz[5] ; pll_inst|altpll_component|auto_generated|pll1|clk[0] ; pll_inst|altpll_component|auto_generated|pll1|clk[0] ; 7812.500     ; -0.081     ; 1.259      ;
; 7811.161 ; r500hz[3] ; r500hz[3] ; pll_inst|altpll_component|auto_generated|pll1|clk[0] ; pll_inst|altpll_component|auto_generated|pll1|clk[0] ; 7812.500     ; -0.081     ; 1.259      ;
; 7811.177 ; r500hz[4] ; r500hz[4] ; pll_inst|altpll_component|auto_generated|pll1|clk[0] ; pll_inst|altpll_component|auto_generated|pll1|clk[0] ; 7812.500     ; -0.081     ; 1.243      ;
; 7811.177 ; r500hz[2] ; r500hz[2] ; pll_inst|altpll_component|auto_generated|pll1|clk[0] ; pll_inst|altpll_component|auto_generated|pll1|clk[0] ; 7812.500     ; -0.081     ; 1.243      ;
; 7811.179 ; r500hz[6] ; r500hz[6] ; pll_inst|altpll_component|auto_generated|pll1|clk[0] ; pll_inst|altpll_component|auto_generated|pll1|clk[0] ; 7812.500     ; -0.081     ; 1.241      ;
; 7811.562 ; r500hz[0] ; r500hz[0] ; pll_inst|altpll_component|auto_generated|pll1|clk[0] ; pll_inst|altpll_component|auto_generated|pll1|clk[0] ; 7812.500     ; -0.081     ; 0.858      ;
+----------+-----------+-----------+------------------------------------------------------+------------------------------------------------------+--------------+------------+------------+


+---------------------------------------------------------------------------------------------------------------+
; Slow 1200mV 85C Model Setup: 'clk_500hz'                                                                      ;
+-------------+-------------+-------------+--------------+-------------+--------------+------------+------------+
; Slack       ; From Node   ; To Node     ; Launch Clock ; Latch Clock ; Relationship ; Clock Skew ; Data Delay ;
+-------------+-------------+-------------+--------------+-------------+--------------+------------+------------+
; 1999990.719 ; led_ring[1] ; led[1]      ; clk_500hz    ; clk_500hz   ; 2000000.000  ; -2.429     ; 6.322      ;
; 1999991.951 ; led_ring[3] ; led[3]      ; clk_500hz    ; clk_500hz   ; 2000000.000  ; -2.429     ; 5.090      ;
; 1999992.308 ; led_ring[0] ; led[0]      ; clk_500hz    ; clk_500hz   ; 2000000.000  ; -2.429     ; 4.733      ;
; 1999992.686 ; led_ring[2] ; led[2]      ; clk_500hz    ; clk_500hz   ; 2000000.000  ; -2.429     ; 4.355      ;
; 1999997.152 ; r4hz[5]     ; led_ring[1] ; clk_500hz    ; clk_500hz   ; 2000000.000  ; -0.080     ; 2.759      ;
; 1999997.152 ; r4hz[5]     ; led_ring[0] ; clk_500hz    ; clk_500hz   ; 2000000.000  ; -0.080     ; 2.759      ;
; 1999997.152 ; r4hz[5]     ; led_ring[3] ; clk_500hz    ; clk_500hz   ; 2000000.000  ; -0.080     ; 2.759      ;
; 1999997.152 ; r4hz[5]     ; led_ring[2] ; clk_500hz    ; clk_500hz   ; 2000000.000  ; -0.080     ; 2.759      ;
; 1999997.167 ; r4hz[4]     ; led_ring[1] ; clk_500hz    ; clk_500hz   ; 2000000.000  ; -0.080     ; 2.744      ;
; 1999997.167 ; r4hz[4]     ; led_ring[0] ; clk_500hz    ; clk_500hz   ; 2000000.000  ; -0.080     ; 2.744      ;
; 1999997.167 ; r4hz[4]     ; led_ring[3] ; clk_500hz    ; clk_500hz   ; 2000000.000  ; -0.080     ; 2.744      ;
; 1999997.167 ; r4hz[4]     ; led_ring[2] ; clk_500hz    ; clk_500hz   ; 2000000.000  ; -0.080     ; 2.744      ;
; 1999997.278 ; r4hz[3]     ; led_ring[1] ; clk_500hz    ; clk_500hz   ; 2000000.000  ; -0.080     ; 2.633      ;
; 1999997.278 ; r4hz[3]     ; led_ring[0] ; clk_500hz    ; clk_500hz   ; 2000000.000  ; -0.080     ; 2.633      ;
; 1999997.278 ; r4hz[3]     ; led_ring[3] ; clk_500hz    ; clk_500hz   ; 2000000.000  ; -0.080     ; 2.633      ;
; 1999997.278 ; r4hz[3]     ; led_ring[2] ; clk_500hz    ; clk_500hz   ; 2000000.000  ; -0.080     ; 2.633      ;
; 1999997.315 ; r4hz[5]     ; r4hz[6]     ; clk_500hz    ; clk_500hz   ; 2000000.000  ; -0.080     ; 2.596      ;
; 1999997.315 ; r4hz[5]     ; r4hz[2]     ; clk_500hz    ; clk_500hz   ; 2000000.000  ; -0.080     ; 2.596      ;
; 1999997.315 ; r4hz[5]     ; r4hz[0]     ; clk_500hz    ; clk_500hz   ; 2000000.000  ; -0.080     ; 2.596      ;
; 1999997.315 ; r4hz[5]     ; r4hz[1]     ; clk_500hz    ; clk_500hz   ; 2000000.000  ; -0.080     ; 2.596      ;
; 1999997.315 ; r4hz[5]     ; r4hz[3]     ; clk_500hz    ; clk_500hz   ; 2000000.000  ; -0.080     ; 2.596      ;
; 1999997.315 ; r4hz[5]     ; r4hz[4]     ; clk_500hz    ; clk_500hz   ; 2000000.000  ; -0.080     ; 2.596      ;
; 1999997.315 ; r4hz[5]     ; r4hz[5]     ; clk_500hz    ; clk_500hz   ; 2000000.000  ; -0.080     ; 2.596      ;
; 1999997.330 ; r4hz[4]     ; r4hz[6]     ; clk_500hz    ; clk_500hz   ; 2000000.000  ; -0.080     ; 2.581      ;
; 1999997.330 ; r4hz[4]     ; r4hz[2]     ; clk_500hz    ; clk_500hz   ; 2000000.000  ; -0.080     ; 2.581      ;
; 1999997.330 ; r4hz[4]     ; r4hz[0]     ; clk_500hz    ; clk_500hz   ; 2000000.000  ; -0.080     ; 2.581      ;
; 1999997.330 ; r4hz[4]     ; r4hz[1]     ; clk_500hz    ; clk_500hz   ; 2000000.000  ; -0.080     ; 2.581      ;
; 1999997.330 ; r4hz[4]     ; r4hz[3]     ; clk_500hz    ; clk_500hz   ; 2000000.000  ; -0.080     ; 2.581      ;
; 1999997.330 ; r4hz[4]     ; r4hz[4]     ; clk_500hz    ; clk_500hz   ; 2000000.000  ; -0.080     ; 2.581      ;
; 1999997.330 ; r4hz[4]     ; r4hz[5]     ; clk_500hz    ; clk_500hz   ; 2000000.000  ; -0.080     ; 2.581      ;
; 1999997.441 ; r4hz[3]     ; r4hz[6]     ; clk_500hz    ; clk_500hz   ; 2000000.000  ; -0.080     ; 2.470      ;
; 1999997.441 ; r4hz[3]     ; r4hz[2]     ; clk_500hz    ; clk_500hz   ; 2000000.000  ; -0.080     ; 2.470      ;
; 1999997.441 ; r4hz[3]     ; r4hz[0]     ; clk_500hz    ; clk_500hz   ; 2000000.000  ; -0.080     ; 2.470      ;
; 1999997.441 ; r4hz[3]     ; r4hz[1]     ; clk_500hz    ; clk_500hz   ; 2000000.000  ; -0.080     ; 2.470      ;
; 1999997.441 ; r4hz[3]     ; r4hz[3]     ; clk_500hz    ; clk_500hz   ; 2000000.000  ; -0.080     ; 2.470      ;
; 1999997.441 ; r4hz[3]     ; r4hz[4]     ; clk_500hz    ; clk_500hz   ; 2000000.000  ; -0.080     ; 2.470      ;
; 1999997.441 ; r4hz[3]     ; r4hz[5]     ; clk_500hz    ; clk_500hz   ; 2000000.000  ; -0.080     ; 2.470      ;
; 1999997.462 ; r4hz[2]     ; led_ring[1] ; clk_500hz    ; clk_500hz   ; 2000000.000  ; -0.080     ; 2.449      ;
; 1999997.462 ; r4hz[2]     ; led_ring[0] ; clk_500hz    ; clk_500hz   ; 2000000.000  ; -0.080     ; 2.449      ;
; 1999997.462 ; r4hz[2]     ; led_ring[3] ; clk_500hz    ; clk_500hz   ; 2000000.000  ; -0.080     ; 2.449      ;
; 1999997.462 ; r4hz[2]     ; led_ring[2] ; clk_500hz    ; clk_500hz   ; 2000000.000  ; -0.080     ; 2.449      ;
; 1999997.567 ; r4hz[1]     ; led_ring[1] ; clk_500hz    ; clk_500hz   ; 2000000.000  ; -0.080     ; 2.344      ;
; 1999997.567 ; r4hz[1]     ; led_ring[0] ; clk_500hz    ; clk_500hz   ; 2000000.000  ; -0.080     ; 2.344      ;
; 1999997.567 ; r4hz[1]     ; led_ring[3] ; clk_500hz    ; clk_500hz   ; 2000000.000  ; -0.080     ; 2.344      ;
; 1999997.567 ; r4hz[1]     ; led_ring[2] ; clk_500hz    ; clk_500hz   ; 2000000.000  ; -0.080     ; 2.344      ;
; 1999997.625 ; r4hz[2]     ; r4hz[6]     ; clk_500hz    ; clk_500hz   ; 2000000.000  ; -0.080     ; 2.286      ;
; 1999997.625 ; r4hz[2]     ; r4hz[2]     ; clk_500hz    ; clk_500hz   ; 2000000.000  ; -0.080     ; 2.286      ;
; 1999997.625 ; r4hz[2]     ; r4hz[0]     ; clk_500hz    ; clk_500hz   ; 2000000.000  ; -0.080     ; 2.286      ;
; 1999997.625 ; r4hz[2]     ; r4hz[1]     ; clk_500hz    ; clk_500hz   ; 2000000.000  ; -0.080     ; 2.286      ;
; 1999997.625 ; r4hz[2]     ; r4hz[3]     ; clk_500hz    ; clk_500hz   ; 2000000.000  ; -0.080     ; 2.286      ;
; 1999997.625 ; r4hz[2]     ; r4hz[4]     ; clk_500hz    ; clk_500hz   ; 2000000.000  ; -0.080     ; 2.286      ;
; 1999997.625 ; r4hz[2]     ; r4hz[5]     ; clk_500hz    ; clk_500hz   ; 2000000.000  ; -0.080     ; 2.286      ;
; 1999997.650 ; r4hz[1]     ; r4hz[6]     ; clk_500hz    ; clk_500hz   ; 2000000.000  ; -0.080     ; 2.261      ;
; 1999997.747 ; r4hz[0]     ; led_ring[1] ; clk_500hz    ; clk_500hz   ; 2000000.000  ; -0.080     ; 2.164      ;
; 1999997.747 ; r4hz[0]     ; led_ring[0] ; clk_500hz    ; clk_500hz   ; 2000000.000  ; -0.080     ; 2.164      ;
; 1999997.747 ; r4hz[0]     ; led_ring[3] ; clk_500hz    ; clk_500hz   ; 2000000.000  ; -0.080     ; 2.164      ;
; 1999997.747 ; r4hz[0]     ; led_ring[2] ; clk_500hz    ; clk_500hz   ; 2000000.000  ; -0.080     ; 2.164      ;
; 1999997.760 ; r4hz[0]     ; r4hz[6]     ; clk_500hz    ; clk_500hz   ; 2000000.000  ; -0.080     ; 2.151      ;
; 1999997.783 ; r4hz[0]     ; r4hz[5]     ; clk_500hz    ; clk_500hz   ; 2000000.000  ; -0.080     ; 2.128      ;
; 1999997.796 ; r4hz[1]     ; r4hz[4]     ; clk_500hz    ; clk_500hz   ; 2000000.000  ; -0.080     ; 2.115      ;
; 1999997.826 ; r4hz[1]     ; r4hz[5]     ; clk_500hz    ; clk_500hz   ; 2000000.000  ; -0.080     ; 2.085      ;
; 1999997.864 ; r4hz[6]     ; r4hz[6]     ; clk_500hz    ; clk_500hz   ; 2000000.000  ; -0.080     ; 2.047      ;
; 1999997.864 ; r4hz[6]     ; r4hz[2]     ; clk_500hz    ; clk_500hz   ; 2000000.000  ; -0.080     ; 2.047      ;
; 1999997.864 ; r4hz[6]     ; r4hz[0]     ; clk_500hz    ; clk_500hz   ; 2000000.000  ; -0.080     ; 2.047      ;
; 1999997.864 ; r4hz[6]     ; r4hz[1]     ; clk_500hz    ; clk_500hz   ; 2000000.000  ; -0.080     ; 2.047      ;
; 1999997.864 ; r4hz[6]     ; r4hz[3]     ; clk_500hz    ; clk_500hz   ; 2000000.000  ; -0.080     ; 2.047      ;
; 1999997.864 ; r4hz[6]     ; r4hz[4]     ; clk_500hz    ; clk_500hz   ; 2000000.000  ; -0.080     ; 2.047      ;
; 1999997.864 ; r4hz[6]     ; r4hz[5]     ; clk_500hz    ; clk_500hz   ; 2000000.000  ; -0.080     ; 2.047      ;
; 1999997.906 ; r4hz[0]     ; r4hz[4]     ; clk_500hz    ; clk_500hz   ; 2000000.000  ; -0.080     ; 2.005      ;
; 1999997.929 ; r4hz[0]     ; r4hz[3]     ; clk_500hz    ; clk_500hz   ; 2000000.000  ; -0.080     ; 1.982      ;
; 1999997.942 ; r4hz[1]     ; r4hz[2]     ; clk_500hz    ; clk_500hz   ; 2000000.000  ; -0.080     ; 1.969      ;
; 1999997.972 ; r4hz[1]     ; r4hz[3]     ; clk_500hz    ; clk_500hz   ; 2000000.000  ; -0.080     ; 1.939      ;
; 1999998.040 ; r4hz[6]     ; led_ring[1] ; clk_500hz    ; clk_500hz   ; 2000000.000  ; -0.080     ; 1.871      ;
; 1999998.040 ; r4hz[6]     ; led_ring[0] ; clk_500hz    ; clk_500hz   ; 2000000.000  ; -0.080     ; 1.871      ;
; 1999998.040 ; r4hz[6]     ; led_ring[3] ; clk_500hz    ; clk_500hz   ; 2000000.000  ; -0.080     ; 1.871      ;
; 1999998.040 ; r4hz[6]     ; led_ring[2] ; clk_500hz    ; clk_500hz   ; 2000000.000  ; -0.080     ; 1.871      ;
; 1999998.052 ; r4hz[0]     ; r4hz[2]     ; clk_500hz    ; clk_500hz   ; 2000000.000  ; -0.080     ; 1.859      ;
; 1999998.075 ; r4hz[0]     ; r4hz[1]     ; clk_500hz    ; clk_500hz   ; 2000000.000  ; -0.080     ; 1.836      ;
; 1999998.637 ; r4hz[0]     ; r4hz[0]     ; clk_500hz    ; clk_500hz   ; 2000000.000  ; -0.080     ; 1.274      ;
; 1999998.641 ; r4hz[1]     ; r4hz[1]     ; clk_500hz    ; clk_500hz   ; 2000000.000  ; -0.080     ; 1.270      ;
; 1999998.820 ; led_ring[2] ; led_ring[3] ; clk_500hz    ; clk_500hz   ; 2000000.000  ; -0.080     ; 1.091      ;
; 1999998.991 ; led_ring[3] ; led_ring[0] ; clk_500hz    ; clk_500hz   ; 2000000.000  ; -0.080     ; 0.920      ;
; 1999998.992 ; led_ring[0] ; led_ring[1] ; clk_500hz    ; clk_500hz   ; 2000000.000  ; -0.080     ; 0.919      ;
; 1999999.004 ; led_ring[1] ; led_ring[2] ; clk_500hz    ; clk_500hz   ; 2000000.000  ; -0.080     ; 0.907      ;
+-------------+-------------+-------------+--------------+-------------+--------------+------------+------------+


+--------------------------------------------------------------------------------------------------------------------------------------------------------------------------------------+
; Slow 1200mV 85C Model Hold: 'pll_inst|altpll_component|auto_generated|pll1|clk[0]'                                                                                                   ;
+-------+-----------+-----------+------------------------------------------------------+------------------------------------------------------+--------------+------------+------------+
; Slack ; From Node ; To Node   ; Launch Clock                                         ; Latch Clock                                          ; Relationship ; Clock Skew ; Data Delay ;
+-------+-----------+-----------+------------------------------------------------------+------------------------------------------------------+--------------+------------+------------+
; 0.465 ; r500hz[0] ; r500hz[0] ; pll_inst|altpll_component|auto_generated|pll1|clk[0] ; pll_inst|altpll_component|auto_generated|pll1|clk[0] ; 0.000        ; 0.081      ; 0.758      ;
; 0.737 ; r500hz[6] ; r500hz[6] ; pll_inst|altpll_component|auto_generated|pll1|clk[0] ; pll_inst|altpll_component|auto_generated|pll1|clk[0] ; 0.000        ; 0.081      ; 1.030      ;
; 0.738 ; r500hz[4] ; r500hz[4] ; pll_inst|altpll_component|auto_generated|pll1|clk[0] ; pll_inst|altpll_component|auto_generated|pll1|clk[0] ; 0.000        ; 0.081      ; 1.031      ;
; 0.738 ; r500hz[2] ; r500hz[2] ; pll_inst|altpll_component|auto_generated|pll1|clk[0] ; pll_inst|altpll_component|auto_generated|pll1|clk[0] ; 0.000        ; 0.081      ; 1.031      ;
; 0.740 ; r500hz[5] ; r500hz[5] ; pll_inst|altpll_component|auto_generated|pll1|clk[0] ; pll_inst|altpll_component|auto_generated|pll1|clk[0] ; 0.000        ; 0.081      ; 1.033      ;
; 0.740 ; r500hz[3] ; r500hz[3] ; pll_inst|altpll_component|auto_generated|pll1|clk[0] ; pll_inst|altpll_component|auto_generated|pll1|clk[0] ; 0.000        ; 0.081      ; 1.033      ;
; 0.758 ; r500hz[0] ; r500hz[1] ; pll_inst|altpll_component|auto_generated|pll1|clk[0] ; pll_inst|altpll_component|auto_generated|pll1|clk[0] ; 0.000        ; 0.081      ; 1.051      ;
; 0.947 ; r500hz[1] ; r500hz[1] ; pll_inst|altpll_component|auto_generated|pll1|clk[0] ; pll_inst|altpll_component|auto_generated|pll1|clk[0] ; 0.000        ; 0.081      ; 1.240      ;
; 1.092 ; r500hz[4] ; r500hz[5] ; pll_inst|altpll_component|auto_generated|pll1|clk[0] ; pll_inst|altpll_component|auto_generated|pll1|clk[0] ; 0.000        ; 0.081      ; 1.385      ;
; 1.092 ; r500hz[2] ; r500hz[3] ; pll_inst|altpll_component|auto_generated|pll1|clk[0] ; pll_inst|altpll_component|auto_generated|pll1|clk[0] ; 0.000        ; 0.081      ; 1.385      ;
; 1.100 ; r500hz[0] ; r500hz[2] ; pll_inst|altpll_component|auto_generated|pll1|clk[0] ; pll_inst|altpll_component|auto_generated|pll1|clk[0] ; 0.000        ; 0.081      ; 1.393      ;
; 1.101 ; r500hz[5] ; r500hz[6] ; pll_inst|altpll_component|auto_generated|pll1|clk[0] ; pll_inst|altpll_component|auto_generated|pll1|clk[0] ; 0.000        ; 0.081      ; 1.394      ;
; 1.101 ; r500hz[3] ; r500hz[4] ; pll_inst|altpll_component|auto_generated|pll1|clk[0] ; pll_inst|altpll_component|auto_generated|pll1|clk[0] ; 0.000        ; 0.081      ; 1.394      ;
; 1.109 ; r500hz[0] ; r500hz[3] ; pll_inst|altpll_component|auto_generated|pll1|clk[0] ; pll_inst|altpll_component|auto_generated|pll1|clk[0] ; 0.000        ; 0.081      ; 1.402      ;
; 1.110 ; r500hz[3] ; r500hz[5] ; pll_inst|altpll_component|auto_generated|pll1|clk[0] ; pll_inst|altpll_component|auto_generated|pll1|clk[0] ; 0.000        ; 0.081      ; 1.403      ;
; 1.143 ; r500hz[7] ; r500hz[7] ; clk_500hz                                            ; pll_inst|altpll_component|auto_generated|pll1|clk[0] ; 0.000        ; -0.180     ; 1.456      ;
; 1.186 ; r500hz[7] ; r500hz[7] ; clk_500hz                                            ; pll_inst|altpll_component|auto_generated|pll1|clk[0] ; 0.000        ; -0.180     ; 1.499      ;
; 1.223 ; r500hz[4] ; r500hz[6] ; pll_inst|altpll_component|auto_generated|pll1|clk[0] ; pll_inst|altpll_component|auto_generated|pll1|clk[0] ; 0.000        ; 0.081      ; 1.516      ;
; 1.223 ; r500hz[2] ; r500hz[4] ; pll_inst|altpll_component|auto_generated|pll1|clk[0] ; pll_inst|altpll_component|auto_generated|pll1|clk[0] ; 0.000        ; 0.081      ; 1.516      ;
; 1.232 ; r500hz[2] ; r500hz[5] ; pll_inst|altpll_component|auto_generated|pll1|clk[0] ; pll_inst|altpll_component|auto_generated|pll1|clk[0] ; 0.000        ; 0.081      ; 1.525      ;
; 1.240 ; r500hz[0] ; r500hz[4] ; pll_inst|altpll_component|auto_generated|pll1|clk[0] ; pll_inst|altpll_component|auto_generated|pll1|clk[0] ; 0.000        ; 0.081      ; 1.533      ;
; 1.241 ; r500hz[3] ; r500hz[6] ; pll_inst|altpll_component|auto_generated|pll1|clk[0] ; pll_inst|altpll_component|auto_generated|pll1|clk[0] ; 0.000        ; 0.081      ; 1.534      ;
; 1.249 ; r500hz[0] ; r500hz[5] ; pll_inst|altpll_component|auto_generated|pll1|clk[0] ; pll_inst|altpll_component|auto_generated|pll1|clk[0] ; 0.000        ; 0.081      ; 1.542      ;
; 1.274 ; r500hz[1] ; r500hz[2] ; pll_inst|altpll_component|auto_generated|pll1|clk[0] ; pll_inst|altpll_component|auto_generated|pll1|clk[0] ; 0.000        ; 0.081      ; 1.567      ;
; 1.307 ; r500hz[1] ; r500hz[3] ; pll_inst|altpll_component|auto_generated|pll1|clk[0] ; pll_inst|altpll_component|auto_generated|pll1|clk[0] ; 0.000        ; 0.081      ; 1.600      ;
; 1.363 ; r500hz[2] ; r500hz[6] ; pll_inst|altpll_component|auto_generated|pll1|clk[0] ; pll_inst|altpll_component|auto_generated|pll1|clk[0] ; 0.000        ; 0.081      ; 1.656      ;
; 1.380 ; r500hz[0] ; r500hz[6] ; pll_inst|altpll_component|auto_generated|pll1|clk[0] ; pll_inst|altpll_component|auto_generated|pll1|clk[0] ; 0.000        ; 0.081      ; 1.673      ;
; 1.414 ; r500hz[1] ; r500hz[4] ; pll_inst|altpll_component|auto_generated|pll1|clk[0] ; pll_inst|altpll_component|auto_generated|pll1|clk[0] ; 0.000        ; 0.081      ; 1.707      ;
; 1.447 ; r500hz[1] ; r500hz[5] ; pll_inst|altpll_component|auto_generated|pll1|clk[0] ; pll_inst|altpll_component|auto_generated|pll1|clk[0] ; 0.000        ; 0.081      ; 1.740      ;
; 1.490 ; r500hz[6] ; r500hz[7] ; pll_inst|altpll_component|auto_generated|pll1|clk[0] ; pll_inst|altpll_component|auto_generated|pll1|clk[0] ; 0.000        ; 0.081      ; 1.783      ;
; 1.508 ; r500hz[5] ; r500hz[7] ; pll_inst|altpll_component|auto_generated|pll1|clk[0] ; pll_inst|altpll_component|auto_generated|pll1|clk[0] ; 0.000        ; 0.081      ; 1.801      ;
; 1.554 ; r500hz[1] ; r500hz[6] ; pll_inst|altpll_component|auto_generated|pll1|clk[0] ; pll_inst|altpll_component|auto_generated|pll1|clk[0] ; 0.000        ; 0.081      ; 1.847      ;
; 1.630 ; r500hz[4] ; r500hz[7] ; pll_inst|altpll_component|auto_generated|pll1|clk[0] ; pll_inst|altpll_component|auto_generated|pll1|clk[0] ; 0.000        ; 0.081      ; 1.923      ;
; 1.648 ; r500hz[3] ; r500hz[7] ; pll_inst|altpll_component|auto_generated|pll1|clk[0] ; pll_inst|altpll_component|auto_generated|pll1|clk[0] ; 0.000        ; 0.081      ; 1.941      ;
; 1.770 ; r500hz[2] ; r500hz[7] ; pll_inst|altpll_component|auto_generated|pll1|clk[0] ; pll_inst|altpll_component|auto_generated|pll1|clk[0] ; 0.000        ; 0.081      ; 2.063      ;
; 1.787 ; r500hz[0] ; r500hz[7] ; pll_inst|altpll_component|auto_generated|pll1|clk[0] ; pll_inst|altpll_component|auto_generated|pll1|clk[0] ; 0.000        ; 0.081      ; 2.080      ;
; 1.985 ; r500hz[1] ; r500hz[7] ; pll_inst|altpll_component|auto_generated|pll1|clk[0] ; pll_inst|altpll_component|auto_generated|pll1|clk[0] ; 0.000        ; 0.081      ; 2.278      ;
+-------+-----------+-----------+------------------------------------------------------+------------------------------------------------------+--------------+------------+------------+


+---------------------------------------------------------------------------------------------------------+
; Slow 1200mV 85C Model Hold: 'clk_500hz'                                                                 ;
+-------+-------------+-------------+--------------+-------------+--------------+------------+------------+
; Slack ; From Node   ; To Node     ; Launch Clock ; Latch Clock ; Relationship ; Clock Skew ; Data Delay ;
+-------+-------------+-------------+--------------+-------------+--------------+------------+------------+
; 0.498 ; r4hz[6]     ; r4hz[6]     ; clk_500hz    ; clk_500hz   ; 0.000        ; 0.080      ; 0.790      ;
; 0.509 ; led_ring[0] ; led_ring[1] ; clk_500hz    ; clk_500hz   ; 0.000        ; 0.080      ; 0.801      ;
; 0.510 ; led_ring[3] ; led_ring[0] ; clk_500hz    ; clk_500hz   ; 0.000        ; 0.080      ; 0.802      ;
; 0.526 ; led_ring[1] ; led_ring[2] ; clk_500hz    ; clk_500hz   ; 0.000        ; 0.080      ; 0.818      ;
; 0.667 ; led_ring[2] ; led_ring[3] ; clk_500hz    ; clk_500hz   ; 0.000        ; 0.080      ; 0.959      ;
; 0.744 ; r4hz[5]     ; r4hz[5]     ; clk_500hz    ; clk_500hz   ; 0.000        ; 0.080      ; 1.036      ;
; 0.745 ; r4hz[3]     ; r4hz[3]     ; clk_500hz    ; clk_500hz   ; 0.000        ; 0.080      ; 1.037      ;
; 0.748 ; r4hz[4]     ; r4hz[4]     ; clk_500hz    ; clk_500hz   ; 0.000        ; 0.080      ; 1.040      ;
; 0.749 ; r4hz[2]     ; r4hz[2]     ; clk_500hz    ; clk_500hz   ; 0.000        ; 0.080      ; 1.041      ;
; 0.765 ; r4hz[1]     ; r4hz[1]     ; clk_500hz    ; clk_500hz   ; 0.000        ; 0.080      ; 1.057      ;
; 0.772 ; r4hz[0]     ; r4hz[0]     ; clk_500hz    ; clk_500hz   ; 0.000        ; 0.080      ; 1.064      ;
; 1.099 ; r4hz[5]     ; r4hz[6]     ; clk_500hz    ; clk_500hz   ; 0.000        ; 0.080      ; 1.391      ;
; 1.100 ; r4hz[3]     ; r4hz[4]     ; clk_500hz    ; clk_500hz   ; 0.000        ; 0.080      ; 1.392      ;
; 1.109 ; r4hz[4]     ; r4hz[5]     ; clk_500hz    ; clk_500hz   ; 0.000        ; 0.080      ; 1.401      ;
; 1.110 ; r4hz[2]     ; r4hz[3]     ; clk_500hz    ; clk_500hz   ; 0.000        ; 0.080      ; 1.402      ;
; 1.110 ; r4hz[0]     ; r4hz[1]     ; clk_500hz    ; clk_500hz   ; 0.000        ; 0.080      ; 1.402      ;
; 1.118 ; r4hz[4]     ; r4hz[6]     ; clk_500hz    ; clk_500hz   ; 0.000        ; 0.080      ; 1.410      ;
; 1.119 ; r4hz[1]     ; r4hz[2]     ; clk_500hz    ; clk_500hz   ; 0.000        ; 0.080      ; 1.411      ;
; 1.119 ; r4hz[2]     ; r4hz[4]     ; clk_500hz    ; clk_500hz   ; 0.000        ; 0.080      ; 1.411      ;
; 1.119 ; r4hz[0]     ; r4hz[2]     ; clk_500hz    ; clk_500hz   ; 0.000        ; 0.080      ; 1.411      ;
; 1.231 ; r4hz[3]     ; r4hz[5]     ; clk_500hz    ; clk_500hz   ; 0.000        ; 0.080      ; 1.523      ;
; 1.240 ; r4hz[3]     ; r4hz[6]     ; clk_500hz    ; clk_500hz   ; 0.000        ; 0.080      ; 1.532      ;
; 1.250 ; r4hz[1]     ; r4hz[3]     ; clk_500hz    ; clk_500hz   ; 0.000        ; 0.080      ; 1.542      ;
; 1.250 ; r4hz[2]     ; r4hz[5]     ; clk_500hz    ; clk_500hz   ; 0.000        ; 0.080      ; 1.542      ;
; 1.250 ; r4hz[0]     ; r4hz[3]     ; clk_500hz    ; clk_500hz   ; 0.000        ; 0.080      ; 1.542      ;
; 1.259 ; r4hz[1]     ; r4hz[4]     ; clk_500hz    ; clk_500hz   ; 0.000        ; 0.080      ; 1.551      ;
; 1.259 ; r4hz[2]     ; r4hz[6]     ; clk_500hz    ; clk_500hz   ; 0.000        ; 0.080      ; 1.551      ;
; 1.259 ; r4hz[0]     ; r4hz[4]     ; clk_500hz    ; clk_500hz   ; 0.000        ; 0.080      ; 1.551      ;
; 1.390 ; r4hz[1]     ; r4hz[5]     ; clk_500hz    ; clk_500hz   ; 0.000        ; 0.080      ; 1.682      ;
; 1.390 ; r4hz[0]     ; r4hz[5]     ; clk_500hz    ; clk_500hz   ; 0.000        ; 0.080      ; 1.682      ;
; 1.399 ; r4hz[1]     ; r4hz[6]     ; clk_500hz    ; clk_500hz   ; 0.000        ; 0.080      ; 1.691      ;
; 1.399 ; r4hz[0]     ; r4hz[6]     ; clk_500hz    ; clk_500hz   ; 0.000        ; 0.080      ; 1.691      ;
; 1.565 ; r4hz[6]     ; r4hz[2]     ; clk_500hz    ; clk_500hz   ; 0.000        ; 0.080      ; 1.857      ;
; 1.565 ; r4hz[6]     ; r4hz[0]     ; clk_500hz    ; clk_500hz   ; 0.000        ; 0.080      ; 1.857      ;
; 1.565 ; r4hz[6]     ; r4hz[1]     ; clk_500hz    ; clk_500hz   ; 0.000        ; 0.080      ; 1.857      ;
; 1.565 ; r4hz[6]     ; r4hz[3]     ; clk_500hz    ; clk_500hz   ; 0.000        ; 0.080      ; 1.857      ;
; 1.565 ; r4hz[6]     ; r4hz[4]     ; clk_500hz    ; clk_500hz   ; 0.000        ; 0.080      ; 1.857      ;
; 1.565 ; r4hz[6]     ; r4hz[5]     ; clk_500hz    ; clk_500hz   ; 0.000        ; 0.080      ; 1.857      ;
; 1.623 ; r4hz[6]     ; led_ring[1] ; clk_500hz    ; clk_500hz   ; 0.000        ; 0.080      ; 1.915      ;
; 1.623 ; r4hz[6]     ; led_ring[0] ; clk_500hz    ; clk_500hz   ; 0.000        ; 0.080      ; 1.915      ;
; 1.623 ; r4hz[6]     ; led_ring[3] ; clk_500hz    ; clk_500hz   ; 0.000        ; 0.080      ; 1.915      ;
; 1.623 ; r4hz[6]     ; led_ring[2] ; clk_500hz    ; clk_500hz   ; 0.000        ; 0.080      ; 1.915      ;
; 1.860 ; r4hz[2]     ; r4hz[0]     ; clk_500hz    ; clk_500hz   ; 0.000        ; 0.080      ; 2.152      ;
; 1.860 ; r4hz[2]     ; r4hz[1]     ; clk_500hz    ; clk_500hz   ; 0.000        ; 0.080      ; 2.152      ;
; 1.866 ; r4hz[0]     ; led_ring[1] ; clk_500hz    ; clk_500hz   ; 0.000        ; 0.080      ; 2.158      ;
; 1.866 ; r4hz[0]     ; led_ring[0] ; clk_500hz    ; clk_500hz   ; 0.000        ; 0.080      ; 2.158      ;
; 1.866 ; r4hz[0]     ; led_ring[3] ; clk_500hz    ; clk_500hz   ; 0.000        ; 0.080      ; 2.158      ;
; 1.866 ; r4hz[0]     ; led_ring[2] ; clk_500hz    ; clk_500hz   ; 0.000        ; 0.080      ; 2.158      ;
; 2.000 ; r4hz[3]     ; r4hz[2]     ; clk_500hz    ; clk_500hz   ; 0.000        ; 0.080      ; 2.292      ;
; 2.000 ; r4hz[3]     ; r4hz[0]     ; clk_500hz    ; clk_500hz   ; 0.000        ; 0.080      ; 2.292      ;
; 2.000 ; r4hz[3]     ; r4hz[1]     ; clk_500hz    ; clk_500hz   ; 0.000        ; 0.080      ; 2.292      ;
; 2.078 ; r4hz[1]     ; led_ring[1] ; clk_500hz    ; clk_500hz   ; 0.000        ; 0.080      ; 2.370      ;
; 2.078 ; r4hz[1]     ; led_ring[0] ; clk_500hz    ; clk_500hz   ; 0.000        ; 0.080      ; 2.370      ;
; 2.078 ; r4hz[1]     ; led_ring[3] ; clk_500hz    ; clk_500hz   ; 0.000        ; 0.080      ; 2.370      ;
; 2.078 ; r4hz[1]     ; led_ring[2] ; clk_500hz    ; clk_500hz   ; 0.000        ; 0.080      ; 2.370      ;
; 2.101 ; r4hz[5]     ; r4hz[2]     ; clk_500hz    ; clk_500hz   ; 0.000        ; 0.080      ; 2.393      ;
; 2.101 ; r4hz[5]     ; r4hz[0]     ; clk_500hz    ; clk_500hz   ; 0.000        ; 0.080      ; 2.393      ;
; 2.101 ; r4hz[5]     ; r4hz[1]     ; clk_500hz    ; clk_500hz   ; 0.000        ; 0.080      ; 2.393      ;
; 2.101 ; r4hz[5]     ; r4hz[3]     ; clk_500hz    ; clk_500hz   ; 0.000        ; 0.080      ; 2.393      ;
; 2.101 ; r4hz[5]     ; r4hz[4]     ; clk_500hz    ; clk_500hz   ; 0.000        ; 0.080      ; 2.393      ;
; 2.102 ; r4hz[4]     ; r4hz[2]     ; clk_500hz    ; clk_500hz   ; 0.000        ; 0.080      ; 2.394      ;
; 2.102 ; r4hz[4]     ; r4hz[0]     ; clk_500hz    ; clk_500hz   ; 0.000        ; 0.080      ; 2.394      ;
; 2.102 ; r4hz[4]     ; r4hz[1]     ; clk_500hz    ; clk_500hz   ; 0.000        ; 0.080      ; 2.394      ;
; 2.102 ; r4hz[4]     ; r4hz[3]     ; clk_500hz    ; clk_500hz   ; 0.000        ; 0.080      ; 2.394      ;
; 2.159 ; r4hz[2]     ; led_ring[1] ; clk_500hz    ; clk_500hz   ; 0.000        ; 0.080      ; 2.451      ;
; 2.159 ; r4hz[2]     ; led_ring[0] ; clk_500hz    ; clk_500hz   ; 0.000        ; 0.080      ; 2.451      ;
; 2.159 ; r4hz[2]     ; led_ring[3] ; clk_500hz    ; clk_500hz   ; 0.000        ; 0.080      ; 2.451      ;
; 2.159 ; r4hz[2]     ; led_ring[2] ; clk_500hz    ; clk_500hz   ; 0.000        ; 0.080      ; 2.451      ;
; 2.299 ; r4hz[3]     ; led_ring[1] ; clk_500hz    ; clk_500hz   ; 0.000        ; 0.080      ; 2.591      ;
; 2.299 ; r4hz[3]     ; led_ring[0] ; clk_500hz    ; clk_500hz   ; 0.000        ; 0.080      ; 2.591      ;
; 2.299 ; r4hz[3]     ; led_ring[3] ; clk_500hz    ; clk_500hz   ; 0.000        ; 0.080      ; 2.591      ;
; 2.299 ; r4hz[3]     ; led_ring[2] ; clk_500hz    ; clk_500hz   ; 0.000        ; 0.080      ; 2.591      ;
; 2.400 ; r4hz[5]     ; led_ring[1] ; clk_500hz    ; clk_500hz   ; 0.000        ; 0.080      ; 2.692      ;
; 2.400 ; r4hz[5]     ; led_ring[0] ; clk_500hz    ; clk_500hz   ; 0.000        ; 0.080      ; 2.692      ;
; 2.400 ; r4hz[5]     ; led_ring[3] ; clk_500hz    ; clk_500hz   ; 0.000        ; 0.080      ; 2.692      ;
; 2.400 ; r4hz[5]     ; led_ring[2] ; clk_500hz    ; clk_500hz   ; 0.000        ; 0.080      ; 2.692      ;
; 2.401 ; r4hz[4]     ; led_ring[1] ; clk_500hz    ; clk_500hz   ; 0.000        ; 0.080      ; 2.693      ;
; 2.401 ; r4hz[4]     ; led_ring[0] ; clk_500hz    ; clk_500hz   ; 0.000        ; 0.080      ; 2.693      ;
; 2.401 ; r4hz[4]     ; led_ring[3] ; clk_500hz    ; clk_500hz   ; 0.000        ; 0.080      ; 2.693      ;
; 2.401 ; r4hz[4]     ; led_ring[2] ; clk_500hz    ; clk_500hz   ; 0.000        ; 0.080      ; 2.693      ;
; 6.831 ; led_ring[2] ; led[2]      ; clk_500hz    ; clk_500hz   ; 0.000        ; -2.310     ; 4.021      ;
; 7.151 ; led_ring[0] ; led[0]      ; clk_500hz    ; clk_500hz   ; 0.000        ; -2.310     ; 4.341      ;
; 7.505 ; led_ring[3] ; led[3]      ; clk_500hz    ; clk_500hz   ; 0.000        ; -2.310     ; 4.695      ;
; 8.496 ; led_ring[1] ; led[1]      ; clk_500hz    ; clk_500hz   ; 0.000        ; -2.310     ; 5.686      ;
+-------+-------------+-------------+--------------+-------------+--------------+------------+------------+


-----------------------------------------------
; Slow 1200mV 85C Model Metastability Summary ;
-----------------------------------------------
No synchronizer chains to report.


+--------------------------------------------------------------------------------------------+
; Slow 1200mV 0C Model Fmax Summary                                                          ;
+------------+-----------------+------------------------------------------------------+------+
; Fmax       ; Restricted Fmax ; Clock Name                                           ; Note ;
+------------+-----------------+------------------------------------------------------+------+
; 119.1 MHz  ; 119.1 MHz       ; clk_500hz                                            ;      ;
; 396.67 MHz ; 396.67 MHz      ; pll_inst|altpll_component|auto_generated|pll1|clk[0] ;      ;
+------------+-----------------+------------------------------------------------------+------+
This panel reports FMAX for every clock in the design, regardless of the user-specified clock periods.  FMAX is only computed for paths where the source and destination registers or ports are driven by the same clock.  Paths of different clocks, including generated clocks, are ignored.  For paths between a clock and its inversion, FMAX is computed as if the rising and falling edges are scaled along with FMAX, such that the duty cycle (in terms of a percentage) is maintained. Altera recommends that you always use clock constraints and other slack reports for sign-off analysis.


+------------------------------------------------------------------------------------+
; Slow 1200mV 0C Model Setup Summary                                                 ;
+------------------------------------------------------+-------------+---------------+
; Clock                                                ; Slack       ; End Point TNS ;
+------------------------------------------------------+-------------+---------------+
; pll_inst|altpll_component|auto_generated|pll1|clk[0] ; 7809.979    ; 0.000         ;
; clk_500hz                                            ; 1999991.604 ; 0.000         ;
+------------------------------------------------------+-------------+---------------+


+------------------------------------------------------------------------------+
; Slow 1200mV 0C Model Hold Summary                                            ;
+------------------------------------------------------+-------+---------------+
; Clock                                                ; Slack ; End Point TNS ;
+------------------------------------------------------+-------+---------------+
; pll_inst|altpll_component|auto_generated|pll1|clk[0] ; 0.416 ; 0.000         ;
; clk_500hz                                            ; 0.462 ; 0.000         ;
+------------------------------------------------------+-------+---------------+


-----------------------------------------
; Slow 1200mV 0C Model Recovery Summary ;
-----------------------------------------
No paths to report.


----------------------------------------
; Slow 1200mV 0C Model Removal Summary ;
----------------------------------------
No paths to report.


+-----------------------------------------------------------------------------------+
; Slow 1200mV 0C Model Minimum Pulse Width Summary                                  ;
+------------------------------------------------------+------------+---------------+
; Clock                                                ; Slack      ; End Point TNS ;
+------------------------------------------------------+------------+---------------+
; clk_40m                                              ; 12.355     ; 0.000         ;
; pll_inst|altpll_component|auto_generated|pll1|clk[0] ; 3905.968   ; 0.000         ;
; clk_500hz                                            ; 999999.773 ; 0.000         ;
+------------------------------------------------------+------------+---------------+


+-----------------------------------------------------------------------------------------------------------------------------------------------------------------------------------------+
; Slow 1200mV 0C Model Setup: 'pll_inst|altpll_component|auto_generated|pll1|clk[0]'                                                                                                      ;
+----------+-----------+-----------+------------------------------------------------------+------------------------------------------------------+--------------+------------+------------+
; Slack    ; From Node ; To Node   ; Launch Clock                                         ; Latch Clock                                          ; Relationship ; Clock Skew ; Data Delay ;
+----------+-----------+-----------+------------------------------------------------------+------------------------------------------------------+--------------+------------+------------+
; 7809.979 ; r500hz[1] ; r500hz[7] ; pll_inst|altpll_component|auto_generated|pll1|clk[0] ; pll_inst|altpll_component|auto_generated|pll1|clk[0] ; 7812.500     ; -0.073     ; 2.450      ;
; 7810.035 ; r500hz[2] ; r500hz[7] ; pll_inst|altpll_component|auto_generated|pll1|clk[0] ; pll_inst|altpll_component|auto_generated|pll1|clk[0] ; 7812.500     ; -0.073     ; 2.394      ;
; 7810.118 ; r500hz[0] ; r500hz[7] ; pll_inst|altpll_component|auto_generated|pll1|clk[0] ; pll_inst|altpll_component|auto_generated|pll1|clk[0] ; 7812.500     ; -0.073     ; 2.311      ;
; 7810.161 ; r500hz[4] ; r500hz[7] ; pll_inst|altpll_component|auto_generated|pll1|clk[0] ; pll_inst|altpll_component|auto_generated|pll1|clk[0] ; 7812.500     ; -0.073     ; 2.268      ;
; 7810.251 ; r500hz[3] ; r500hz[7] ; pll_inst|altpll_component|auto_generated|pll1|clk[0] ; pll_inst|altpll_component|auto_generated|pll1|clk[0] ; 7812.500     ; -0.073     ; 2.178      ;
; 7810.291 ; r500hz[6] ; r500hz[7] ; pll_inst|altpll_component|auto_generated|pll1|clk[0] ; pll_inst|altpll_component|auto_generated|pll1|clk[0] ; 7812.500     ; -0.073     ; 2.138      ;
; 7810.300 ; r500hz[1] ; r500hz[6] ; pll_inst|altpll_component|auto_generated|pll1|clk[0] ; pll_inst|altpll_component|auto_generated|pll1|clk[0] ; 7812.500     ; -0.073     ; 2.129      ;
; 7810.377 ; r500hz[5] ; r500hz[7] ; pll_inst|altpll_component|auto_generated|pll1|clk[0] ; pll_inst|altpll_component|auto_generated|pll1|clk[0] ; 7812.500     ; -0.073     ; 2.052      ;
; 7810.426 ; r500hz[1] ; r500hz[4] ; pll_inst|altpll_component|auto_generated|pll1|clk[0] ; pll_inst|altpll_component|auto_generated|pll1|clk[0] ; 7812.500     ; -0.073     ; 2.003      ;
; 7810.465 ; r500hz[1] ; r500hz[5] ; pll_inst|altpll_component|auto_generated|pll1|clk[0] ; pll_inst|altpll_component|auto_generated|pll1|clk[0] ; 7812.500     ; -0.073     ; 1.964      ;
; 7810.512 ; r500hz[0] ; r500hz[6] ; pll_inst|altpll_component|auto_generated|pll1|clk[0] ; pll_inst|altpll_component|auto_generated|pll1|clk[0] ; 7812.500     ; -0.073     ; 1.917      ;
; 7810.552 ; r500hz[1] ; r500hz[2] ; pll_inst|altpll_component|auto_generated|pll1|clk[0] ; pll_inst|altpll_component|auto_generated|pll1|clk[0] ; 7812.500     ; -0.073     ; 1.877      ;
; 7810.555 ; r500hz[2] ; r500hz[5] ; pll_inst|altpll_component|auto_generated|pll1|clk[0] ; pll_inst|altpll_component|auto_generated|pll1|clk[0] ; 7812.500     ; -0.073     ; 1.874      ;
; 7810.591 ; r500hz[1] ; r500hz[3] ; pll_inst|altpll_component|auto_generated|pll1|clk[0] ; pll_inst|altpll_component|auto_generated|pll1|clk[0] ; 7812.500     ; -0.073     ; 1.838      ;
; 7810.594 ; r500hz[2] ; r500hz[6] ; pll_inst|altpll_component|auto_generated|pll1|clk[0] ; pll_inst|altpll_component|auto_generated|pll1|clk[0] ; 7812.500     ; -0.073     ; 1.835      ;
; 7810.633 ; r500hz[3] ; r500hz[6] ; pll_inst|altpll_component|auto_generated|pll1|clk[0] ; pll_inst|altpll_component|auto_generated|pll1|clk[0] ; 7812.500     ; -0.073     ; 1.796      ;
; 7810.638 ; r500hz[0] ; r500hz[4] ; pll_inst|altpll_component|auto_generated|pll1|clk[0] ; pll_inst|altpll_component|auto_generated|pll1|clk[0] ; 7812.500     ; -0.073     ; 1.791      ;
; 7810.638 ; r500hz[0] ; r500hz[5] ; pll_inst|altpll_component|auto_generated|pll1|clk[0] ; pll_inst|altpll_component|auto_generated|pll1|clk[0] ; 7812.500     ; -0.073     ; 1.791      ;
; 7810.681 ; r500hz[4] ; r500hz[5] ; pll_inst|altpll_component|auto_generated|pll1|clk[0] ; pll_inst|altpll_component|auto_generated|pll1|clk[0] ; 7812.500     ; -0.073     ; 1.748      ;
; 7810.681 ; r500hz[2] ; r500hz[3] ; pll_inst|altpll_component|auto_generated|pll1|clk[0] ; pll_inst|altpll_component|auto_generated|pll1|clk[0] ; 7812.500     ; -0.073     ; 1.748      ;
; 7810.720 ; r500hz[4] ; r500hz[6] ; pll_inst|altpll_component|auto_generated|pll1|clk[0] ; pll_inst|altpll_component|auto_generated|pll1|clk[0] ; 7812.500     ; -0.073     ; 1.709      ;
; 7810.720 ; r500hz[2] ; r500hz[4] ; pll_inst|altpll_component|auto_generated|pll1|clk[0] ; pll_inst|altpll_component|auto_generated|pll1|clk[0] ; 7812.500     ; -0.073     ; 1.709      ;
; 7810.759 ; r500hz[5] ; r500hz[6] ; pll_inst|altpll_component|auto_generated|pll1|clk[0] ; pll_inst|altpll_component|auto_generated|pll1|clk[0] ; 7812.500     ; -0.073     ; 1.670      ;
; 7810.759 ; r500hz[3] ; r500hz[4] ; pll_inst|altpll_component|auto_generated|pll1|clk[0] ; pll_inst|altpll_component|auto_generated|pll1|clk[0] ; 7812.500     ; -0.073     ; 1.670      ;
; 7810.764 ; r500hz[0] ; r500hz[2] ; pll_inst|altpll_component|auto_generated|pll1|clk[0] ; pll_inst|altpll_component|auto_generated|pll1|clk[0] ; 7812.500     ; -0.073     ; 1.665      ;
; 7810.764 ; r500hz[0] ; r500hz[3] ; pll_inst|altpll_component|auto_generated|pll1|clk[0] ; pll_inst|altpll_component|auto_generated|pll1|clk[0] ; 7812.500     ; -0.073     ; 1.665      ;
; 7810.771 ; r500hz[3] ; r500hz[5] ; pll_inst|altpll_component|auto_generated|pll1|clk[0] ; pll_inst|altpll_component|auto_generated|pll1|clk[0] ; 7812.500     ; -0.073     ; 1.658      ;
; 7810.874 ; r500hz[7] ; r500hz[7] ; clk_500hz                                            ; pll_inst|altpll_component|auto_generated|pll1|clk[0] ; 7812.500     ; -0.313     ; 1.555      ;
; 7810.940 ; r500hz[7] ; r500hz[7] ; clk_500hz                                            ; pll_inst|altpll_component|auto_generated|pll1|clk[0] ; 7812.500     ; -0.313     ; 1.489      ;
; 7811.152 ; r500hz[1] ; r500hz[1] ; pll_inst|altpll_component|auto_generated|pll1|clk[0] ; pll_inst|altpll_component|auto_generated|pll1|clk[0] ; 7812.500     ; -0.073     ; 1.277      ;
; 7811.284 ; r500hz[0] ; r500hz[1] ; pll_inst|altpll_component|auto_generated|pll1|clk[0] ; pll_inst|altpll_component|auto_generated|pll1|clk[0] ; 7812.500     ; -0.073     ; 1.145      ;
; 7811.291 ; r500hz[5] ; r500hz[5] ; pll_inst|altpll_component|auto_generated|pll1|clk[0] ; pll_inst|altpll_component|auto_generated|pll1|clk[0] ; 7812.500     ; -0.073     ; 1.138      ;
; 7811.291 ; r500hz[3] ; r500hz[3] ; pll_inst|altpll_component|auto_generated|pll1|clk[0] ; pll_inst|altpll_component|auto_generated|pll1|clk[0] ; 7812.500     ; -0.073     ; 1.138      ;
; 7811.304 ; r500hz[4] ; r500hz[4] ; pll_inst|altpll_component|auto_generated|pll1|clk[0] ; pll_inst|altpll_component|auto_generated|pll1|clk[0] ; 7812.500     ; -0.073     ; 1.125      ;
; 7811.304 ; r500hz[2] ; r500hz[2] ; pll_inst|altpll_component|auto_generated|pll1|clk[0] ; pll_inst|altpll_component|auto_generated|pll1|clk[0] ; 7812.500     ; -0.073     ; 1.125      ;
; 7811.306 ; r500hz[6] ; r500hz[6] ; pll_inst|altpll_component|auto_generated|pll1|clk[0] ; pll_inst|altpll_component|auto_generated|pll1|clk[0] ; 7812.500     ; -0.073     ; 1.123      ;
; 7811.659 ; r500hz[0] ; r500hz[0] ; pll_inst|altpll_component|auto_generated|pll1|clk[0] ; pll_inst|altpll_component|auto_generated|pll1|clk[0] ; 7812.500     ; -0.073     ; 0.770      ;
+----------+-----------+-----------+------------------------------------------------------+------------------------------------------------------+--------------+------------+------------+


+---------------------------------------------------------------------------------------------------------------+
; Slow 1200mV 0C Model Setup: 'clk_500hz'                                                                       ;
+-------------+-------------+-------------+--------------+-------------+--------------+------------+------------+
; Slack       ; From Node   ; To Node     ; Launch Clock ; Latch Clock ; Relationship ; Clock Skew ; Data Delay ;
+-------------+-------------+-------------+--------------+-------------+--------------+------------+------------+
; 1999991.604 ; led_ring[1] ; led[1]      ; clk_500hz    ; clk_500hz   ; 2000000.000  ; -2.212     ; 5.654      ;
; 1999992.552 ; led_ring[3] ; led[3]      ; clk_500hz    ; clk_500hz   ; 2000000.000  ; -2.212     ; 4.706      ;
; 1999992.908 ; led_ring[0] ; led[0]      ; clk_500hz    ; clk_500hz   ; 2000000.000  ; -2.212     ; 4.350      ;
; 1999993.266 ; led_ring[2] ; led[2]      ; clk_500hz    ; clk_500hz   ; 2000000.000  ; -2.212     ; 3.992      ;
; 1999997.409 ; r4hz[5]     ; led_ring[1] ; clk_500hz    ; clk_500hz   ; 2000000.000  ; -0.071     ; 2.512      ;
; 1999997.409 ; r4hz[5]     ; led_ring[0] ; clk_500hz    ; clk_500hz   ; 2000000.000  ; -0.071     ; 2.512      ;
; 1999997.409 ; r4hz[5]     ; led_ring[3] ; clk_500hz    ; clk_500hz   ; 2000000.000  ; -0.071     ; 2.512      ;
; 1999997.409 ; r4hz[5]     ; led_ring[2] ; clk_500hz    ; clk_500hz   ; 2000000.000  ; -0.071     ; 2.512      ;
; 1999997.423 ; r4hz[4]     ; led_ring[1] ; clk_500hz    ; clk_500hz   ; 2000000.000  ; -0.071     ; 2.498      ;
; 1999997.423 ; r4hz[4]     ; led_ring[0] ; clk_500hz    ; clk_500hz   ; 2000000.000  ; -0.071     ; 2.498      ;
; 1999997.423 ; r4hz[4]     ; led_ring[3] ; clk_500hz    ; clk_500hz   ; 2000000.000  ; -0.071     ; 2.498      ;
; 1999997.423 ; r4hz[4]     ; led_ring[2] ; clk_500hz    ; clk_500hz   ; 2000000.000  ; -0.071     ; 2.498      ;
; 1999997.516 ; r4hz[3]     ; led_ring[1] ; clk_500hz    ; clk_500hz   ; 2000000.000  ; -0.071     ; 2.405      ;
; 1999997.516 ; r4hz[3]     ; led_ring[0] ; clk_500hz    ; clk_500hz   ; 2000000.000  ; -0.071     ; 2.405      ;
; 1999997.516 ; r4hz[3]     ; led_ring[3] ; clk_500hz    ; clk_500hz   ; 2000000.000  ; -0.071     ; 2.405      ;
; 1999997.516 ; r4hz[3]     ; led_ring[2] ; clk_500hz    ; clk_500hz   ; 2000000.000  ; -0.071     ; 2.405      ;
; 1999997.548 ; r4hz[5]     ; r4hz[6]     ; clk_500hz    ; clk_500hz   ; 2000000.000  ; -0.071     ; 2.373      ;
; 1999997.548 ; r4hz[5]     ; r4hz[2]     ; clk_500hz    ; clk_500hz   ; 2000000.000  ; -0.071     ; 2.373      ;
; 1999997.548 ; r4hz[5]     ; r4hz[0]     ; clk_500hz    ; clk_500hz   ; 2000000.000  ; -0.071     ; 2.373      ;
; 1999997.548 ; r4hz[5]     ; r4hz[1]     ; clk_500hz    ; clk_500hz   ; 2000000.000  ; -0.071     ; 2.373      ;
; 1999997.548 ; r4hz[5]     ; r4hz[3]     ; clk_500hz    ; clk_500hz   ; 2000000.000  ; -0.071     ; 2.373      ;
; 1999997.548 ; r4hz[5]     ; r4hz[4]     ; clk_500hz    ; clk_500hz   ; 2000000.000  ; -0.071     ; 2.373      ;
; 1999997.548 ; r4hz[5]     ; r4hz[5]     ; clk_500hz    ; clk_500hz   ; 2000000.000  ; -0.071     ; 2.373      ;
; 1999997.562 ; r4hz[4]     ; r4hz[6]     ; clk_500hz    ; clk_500hz   ; 2000000.000  ; -0.071     ; 2.359      ;
; 1999997.562 ; r4hz[4]     ; r4hz[2]     ; clk_500hz    ; clk_500hz   ; 2000000.000  ; -0.071     ; 2.359      ;
; 1999997.562 ; r4hz[4]     ; r4hz[0]     ; clk_500hz    ; clk_500hz   ; 2000000.000  ; -0.071     ; 2.359      ;
; 1999997.562 ; r4hz[4]     ; r4hz[1]     ; clk_500hz    ; clk_500hz   ; 2000000.000  ; -0.071     ; 2.359      ;
; 1999997.562 ; r4hz[4]     ; r4hz[3]     ; clk_500hz    ; clk_500hz   ; 2000000.000  ; -0.071     ; 2.359      ;
; 1999997.562 ; r4hz[4]     ; r4hz[4]     ; clk_500hz    ; clk_500hz   ; 2000000.000  ; -0.071     ; 2.359      ;
; 1999997.562 ; r4hz[4]     ; r4hz[5]     ; clk_500hz    ; clk_500hz   ; 2000000.000  ; -0.071     ; 2.359      ;
; 1999997.655 ; r4hz[3]     ; r4hz[6]     ; clk_500hz    ; clk_500hz   ; 2000000.000  ; -0.071     ; 2.266      ;
; 1999997.655 ; r4hz[3]     ; r4hz[2]     ; clk_500hz    ; clk_500hz   ; 2000000.000  ; -0.071     ; 2.266      ;
; 1999997.655 ; r4hz[3]     ; r4hz[0]     ; clk_500hz    ; clk_500hz   ; 2000000.000  ; -0.071     ; 2.266      ;
; 1999997.655 ; r4hz[3]     ; r4hz[1]     ; clk_500hz    ; clk_500hz   ; 2000000.000  ; -0.071     ; 2.266      ;
; 1999997.655 ; r4hz[3]     ; r4hz[3]     ; clk_500hz    ; clk_500hz   ; 2000000.000  ; -0.071     ; 2.266      ;
; 1999997.655 ; r4hz[3]     ; r4hz[4]     ; clk_500hz    ; clk_500hz   ; 2000000.000  ; -0.071     ; 2.266      ;
; 1999997.655 ; r4hz[3]     ; r4hz[5]     ; clk_500hz    ; clk_500hz   ; 2000000.000  ; -0.071     ; 2.266      ;
; 1999997.675 ; r4hz[2]     ; led_ring[1] ; clk_500hz    ; clk_500hz   ; 2000000.000  ; -0.071     ; 2.246      ;
; 1999997.675 ; r4hz[2]     ; led_ring[0] ; clk_500hz    ; clk_500hz   ; 2000000.000  ; -0.071     ; 2.246      ;
; 1999997.675 ; r4hz[2]     ; led_ring[3] ; clk_500hz    ; clk_500hz   ; 2000000.000  ; -0.071     ; 2.246      ;
; 1999997.675 ; r4hz[2]     ; led_ring[2] ; clk_500hz    ; clk_500hz   ; 2000000.000  ; -0.071     ; 2.246      ;
; 1999997.765 ; r4hz[1]     ; led_ring[1] ; clk_500hz    ; clk_500hz   ; 2000000.000  ; -0.071     ; 2.156      ;
; 1999997.765 ; r4hz[1]     ; led_ring[0] ; clk_500hz    ; clk_500hz   ; 2000000.000  ; -0.071     ; 2.156      ;
; 1999997.765 ; r4hz[1]     ; led_ring[3] ; clk_500hz    ; clk_500hz   ; 2000000.000  ; -0.071     ; 2.156      ;
; 1999997.765 ; r4hz[1]     ; led_ring[2] ; clk_500hz    ; clk_500hz   ; 2000000.000  ; -0.071     ; 2.156      ;
; 1999997.825 ; r4hz[2]     ; r4hz[6]     ; clk_500hz    ; clk_500hz   ; 2000000.000  ; -0.071     ; 2.096      ;
; 1999997.825 ; r4hz[2]     ; r4hz[2]     ; clk_500hz    ; clk_500hz   ; 2000000.000  ; -0.071     ; 2.096      ;
; 1999997.825 ; r4hz[2]     ; r4hz[0]     ; clk_500hz    ; clk_500hz   ; 2000000.000  ; -0.071     ; 2.096      ;
; 1999997.825 ; r4hz[2]     ; r4hz[1]     ; clk_500hz    ; clk_500hz   ; 2000000.000  ; -0.071     ; 2.096      ;
; 1999997.825 ; r4hz[2]     ; r4hz[3]     ; clk_500hz    ; clk_500hz   ; 2000000.000  ; -0.071     ; 2.096      ;
; 1999997.825 ; r4hz[2]     ; r4hz[4]     ; clk_500hz    ; clk_500hz   ; 2000000.000  ; -0.071     ; 2.096      ;
; 1999997.825 ; r4hz[2]     ; r4hz[5]     ; clk_500hz    ; clk_500hz   ; 2000000.000  ; -0.071     ; 2.096      ;
; 1999997.898 ; r4hz[1]     ; r4hz[6]     ; clk_500hz    ; clk_500hz   ; 2000000.000  ; -0.071     ; 2.023      ;
; 1999997.926 ; r4hz[0]     ; led_ring[1] ; clk_500hz    ; clk_500hz   ; 2000000.000  ; -0.071     ; 1.995      ;
; 1999997.926 ; r4hz[0]     ; led_ring[0] ; clk_500hz    ; clk_500hz   ; 2000000.000  ; -0.071     ; 1.995      ;
; 1999997.926 ; r4hz[0]     ; led_ring[3] ; clk_500hz    ; clk_500hz   ; 2000000.000  ; -0.071     ; 1.995      ;
; 1999997.926 ; r4hz[0]     ; led_ring[2] ; clk_500hz    ; clk_500hz   ; 2000000.000  ; -0.071     ; 1.995      ;
; 1999997.990 ; r4hz[0]     ; r4hz[5]     ; clk_500hz    ; clk_500hz   ; 2000000.000  ; -0.071     ; 1.931      ;
; 1999997.999 ; r4hz[0]     ; r4hz[6]     ; clk_500hz    ; clk_500hz   ; 2000000.000  ; -0.071     ; 1.922      ;
; 1999998.024 ; r4hz[1]     ; r4hz[4]     ; clk_500hz    ; clk_500hz   ; 2000000.000  ; -0.071     ; 1.897      ;
; 1999998.044 ; r4hz[6]     ; r4hz[6]     ; clk_500hz    ; clk_500hz   ; 2000000.000  ; -0.071     ; 1.877      ;
; 1999998.044 ; r4hz[6]     ; r4hz[2]     ; clk_500hz    ; clk_500hz   ; 2000000.000  ; -0.071     ; 1.877      ;
; 1999998.044 ; r4hz[6]     ; r4hz[0]     ; clk_500hz    ; clk_500hz   ; 2000000.000  ; -0.071     ; 1.877      ;
; 1999998.044 ; r4hz[6]     ; r4hz[1]     ; clk_500hz    ; clk_500hz   ; 2000000.000  ; -0.071     ; 1.877      ;
; 1999998.044 ; r4hz[6]     ; r4hz[3]     ; clk_500hz    ; clk_500hz   ; 2000000.000  ; -0.071     ; 1.877      ;
; 1999998.044 ; r4hz[6]     ; r4hz[4]     ; clk_500hz    ; clk_500hz   ; 2000000.000  ; -0.071     ; 1.877      ;
; 1999998.044 ; r4hz[6]     ; r4hz[5]     ; clk_500hz    ; clk_500hz   ; 2000000.000  ; -0.071     ; 1.877      ;
; 1999998.063 ; r4hz[1]     ; r4hz[5]     ; clk_500hz    ; clk_500hz   ; 2000000.000  ; -0.071     ; 1.858      ;
; 1999998.116 ; r4hz[0]     ; r4hz[3]     ; clk_500hz    ; clk_500hz   ; 2000000.000  ; -0.071     ; 1.805      ;
; 1999998.125 ; r4hz[0]     ; r4hz[4]     ; clk_500hz    ; clk_500hz   ; 2000000.000  ; -0.071     ; 1.796      ;
; 1999998.150 ; r4hz[1]     ; r4hz[2]     ; clk_500hz    ; clk_500hz   ; 2000000.000  ; -0.071     ; 1.771      ;
; 1999998.189 ; r4hz[1]     ; r4hz[3]     ; clk_500hz    ; clk_500hz   ; 2000000.000  ; -0.071     ; 1.732      ;
; 1999998.201 ; r4hz[6]     ; led_ring[1] ; clk_500hz    ; clk_500hz   ; 2000000.000  ; -0.071     ; 1.720      ;
; 1999998.201 ; r4hz[6]     ; led_ring[0] ; clk_500hz    ; clk_500hz   ; 2000000.000  ; -0.071     ; 1.720      ;
; 1999998.201 ; r4hz[6]     ; led_ring[3] ; clk_500hz    ; clk_500hz   ; 2000000.000  ; -0.071     ; 1.720      ;
; 1999998.201 ; r4hz[6]     ; led_ring[2] ; clk_500hz    ; clk_500hz   ; 2000000.000  ; -0.071     ; 1.720      ;
; 1999998.242 ; r4hz[0]     ; r4hz[1]     ; clk_500hz    ; clk_500hz   ; 2000000.000  ; -0.071     ; 1.679      ;
; 1999998.251 ; r4hz[0]     ; r4hz[2]     ; clk_500hz    ; clk_500hz   ; 2000000.000  ; -0.071     ; 1.670      ;
; 1999998.771 ; r4hz[0]     ; r4hz[0]     ; clk_500hz    ; clk_500hz   ; 2000000.000  ; -0.071     ; 1.150      ;
; 1999998.773 ; r4hz[1]     ; r4hz[1]     ; clk_500hz    ; clk_500hz   ; 2000000.000  ; -0.071     ; 1.148      ;
; 1999998.933 ; led_ring[2] ; led_ring[3] ; clk_500hz    ; clk_500hz   ; 2000000.000  ; -0.071     ; 0.988      ;
; 1999999.085 ; led_ring[3] ; led_ring[0] ; clk_500hz    ; clk_500hz   ; 2000000.000  ; -0.071     ; 0.836      ;
; 1999999.086 ; led_ring[0] ; led_ring[1] ; clk_500hz    ; clk_500hz   ; 2000000.000  ; -0.071     ; 0.835      ;
; 1999999.104 ; led_ring[1] ; led_ring[2] ; clk_500hz    ; clk_500hz   ; 2000000.000  ; -0.071     ; 0.817      ;
+-------------+-------------+-------------+--------------+-------------+--------------+------------+------------+


+--------------------------------------------------------------------------------------------------------------------------------------------------------------------------------------+
; Slow 1200mV 0C Model Hold: 'pll_inst|altpll_component|auto_generated|pll1|clk[0]'                                                                                                    ;
+-------+-----------+-----------+------------------------------------------------------+------------------------------------------------------+--------------+------------+------------+
; Slack ; From Node ; To Node   ; Launch Clock                                         ; Latch Clock                                          ; Relationship ; Clock Skew ; Data Delay ;
+-------+-----------+-----------+------------------------------------------------------+------------------------------------------------------+--------------+------------+------------+
; 0.416 ; r500hz[0] ; r500hz[0] ; pll_inst|altpll_component|auto_generated|pll1|clk[0] ; pll_inst|altpll_component|auto_generated|pll1|clk[0] ; 0.000        ; 0.073      ; 0.684      ;
; 0.684 ; r500hz[6] ; r500hz[6] ; pll_inst|altpll_component|auto_generated|pll1|clk[0] ; pll_inst|altpll_component|auto_generated|pll1|clk[0] ; 0.000        ; 0.073      ; 0.952      ;
; 0.687 ; r500hz[4] ; r500hz[4] ; pll_inst|altpll_component|auto_generated|pll1|clk[0] ; pll_inst|altpll_component|auto_generated|pll1|clk[0] ; 0.000        ; 0.073      ; 0.955      ;
; 0.687 ; r500hz[2] ; r500hz[2] ; pll_inst|altpll_component|auto_generated|pll1|clk[0] ; pll_inst|altpll_component|auto_generated|pll1|clk[0] ; 0.000        ; 0.073      ; 0.955      ;
; 0.690 ; r500hz[5] ; r500hz[5] ; pll_inst|altpll_component|auto_generated|pll1|clk[0] ; pll_inst|altpll_component|auto_generated|pll1|clk[0] ; 0.000        ; 0.073      ; 0.958      ;
; 0.690 ; r500hz[3] ; r500hz[3] ; pll_inst|altpll_component|auto_generated|pll1|clk[0] ; pll_inst|altpll_component|auto_generated|pll1|clk[0] ; 0.000        ; 0.073      ; 0.958      ;
; 0.709 ; r500hz[0] ; r500hz[1] ; pll_inst|altpll_component|auto_generated|pll1|clk[0] ; pll_inst|altpll_component|auto_generated|pll1|clk[0] ; 0.000        ; 0.073      ; 0.977      ;
; 0.845 ; r500hz[1] ; r500hz[1] ; pll_inst|altpll_component|auto_generated|pll1|clk[0] ; pll_inst|altpll_component|auto_generated|pll1|clk[0] ; 0.000        ; 0.073      ; 1.113      ;
; 1.005 ; r500hz[0] ; r500hz[2] ; pll_inst|altpll_component|auto_generated|pll1|clk[0] ; pll_inst|altpll_component|auto_generated|pll1|clk[0] ; 0.000        ; 0.073      ; 1.273      ;
; 1.007 ; r500hz[5] ; r500hz[6] ; pll_inst|altpll_component|auto_generated|pll1|clk[0] ; pll_inst|altpll_component|auto_generated|pll1|clk[0] ; 0.000        ; 0.073      ; 1.275      ;
; 1.007 ; r500hz[3] ; r500hz[4] ; pll_inst|altpll_component|auto_generated|pll1|clk[0] ; pll_inst|altpll_component|auto_generated|pll1|clk[0] ; 0.000        ; 0.073      ; 1.275      ;
; 1.011 ; r500hz[4] ; r500hz[5] ; pll_inst|altpll_component|auto_generated|pll1|clk[0] ; pll_inst|altpll_component|auto_generated|pll1|clk[0] ; 0.000        ; 0.073      ; 1.279      ;
; 1.011 ; r500hz[2] ; r500hz[3] ; pll_inst|altpll_component|auto_generated|pll1|clk[0] ; pll_inst|altpll_component|auto_generated|pll1|clk[0] ; 0.000        ; 0.073      ; 1.279      ;
; 1.020 ; r500hz[0] ; r500hz[3] ; pll_inst|altpll_component|auto_generated|pll1|clk[0] ; pll_inst|altpll_component|auto_generated|pll1|clk[0] ; 0.000        ; 0.073      ; 1.288      ;
; 1.024 ; r500hz[3] ; r500hz[5] ; pll_inst|altpll_component|auto_generated|pll1|clk[0] ; pll_inst|altpll_component|auto_generated|pll1|clk[0] ; 0.000        ; 0.073      ; 1.292      ;
; 1.055 ; r500hz[7] ; r500hz[7] ; clk_500hz                                            ; pll_inst|altpll_component|auto_generated|pll1|clk[0] ; 0.000        ; -0.167     ; 1.343      ;
; 1.060 ; r500hz[7] ; r500hz[7] ; clk_500hz                                            ; pll_inst|altpll_component|auto_generated|pll1|clk[0] ; 0.000        ; -0.167     ; 1.348      ;
; 1.105 ; r500hz[4] ; r500hz[6] ; pll_inst|altpll_component|auto_generated|pll1|clk[0] ; pll_inst|altpll_component|auto_generated|pll1|clk[0] ; 0.000        ; 0.073      ; 1.373      ;
; 1.105 ; r500hz[2] ; r500hz[4] ; pll_inst|altpll_component|auto_generated|pll1|clk[0] ; pll_inst|altpll_component|auto_generated|pll1|clk[0] ; 0.000        ; 0.073      ; 1.373      ;
; 1.127 ; r500hz[0] ; r500hz[4] ; pll_inst|altpll_component|auto_generated|pll1|clk[0] ; pll_inst|altpll_component|auto_generated|pll1|clk[0] ; 0.000        ; 0.073      ; 1.395      ;
; 1.129 ; r500hz[3] ; r500hz[6] ; pll_inst|altpll_component|auto_generated|pll1|clk[0] ; pll_inst|altpll_component|auto_generated|pll1|clk[0] ; 0.000        ; 0.073      ; 1.397      ;
; 1.133 ; r500hz[2] ; r500hz[5] ; pll_inst|altpll_component|auto_generated|pll1|clk[0] ; pll_inst|altpll_component|auto_generated|pll1|clk[0] ; 0.000        ; 0.073      ; 1.401      ;
; 1.141 ; r500hz[1] ; r500hz[2] ; pll_inst|altpll_component|auto_generated|pll1|clk[0] ; pll_inst|altpll_component|auto_generated|pll1|clk[0] ; 0.000        ; 0.073      ; 1.409      ;
; 1.142 ; r500hz[0] ; r500hz[5] ; pll_inst|altpll_component|auto_generated|pll1|clk[0] ; pll_inst|altpll_component|auto_generated|pll1|clk[0] ; 0.000        ; 0.073      ; 1.410      ;
; 1.223 ; r500hz[1] ; r500hz[3] ; pll_inst|altpll_component|auto_generated|pll1|clk[0] ; pll_inst|altpll_component|auto_generated|pll1|clk[0] ; 0.000        ; 0.073      ; 1.491      ;
; 1.227 ; r500hz[2] ; r500hz[6] ; pll_inst|altpll_component|auto_generated|pll1|clk[0] ; pll_inst|altpll_component|auto_generated|pll1|clk[0] ; 0.000        ; 0.073      ; 1.495      ;
; 1.249 ; r500hz[0] ; r500hz[6] ; pll_inst|altpll_component|auto_generated|pll1|clk[0] ; pll_inst|altpll_component|auto_generated|pll1|clk[0] ; 0.000        ; 0.073      ; 1.517      ;
; 1.263 ; r500hz[1] ; r500hz[4] ; pll_inst|altpll_component|auto_generated|pll1|clk[0] ; pll_inst|altpll_component|auto_generated|pll1|clk[0] ; 0.000        ; 0.073      ; 1.531      ;
; 1.345 ; r500hz[1] ; r500hz[5] ; pll_inst|altpll_component|auto_generated|pll1|clk[0] ; pll_inst|altpll_component|auto_generated|pll1|clk[0] ; 0.000        ; 0.073      ; 1.613      ;
; 1.362 ; r500hz[6] ; r500hz[7] ; pll_inst|altpll_component|auto_generated|pll1|clk[0] ; pll_inst|altpll_component|auto_generated|pll1|clk[0] ; 0.000        ; 0.073      ; 1.630      ;
; 1.380 ; r500hz[5] ; r500hz[7] ; pll_inst|altpll_component|auto_generated|pll1|clk[0] ; pll_inst|altpll_component|auto_generated|pll1|clk[0] ; 0.000        ; 0.073      ; 1.648      ;
; 1.385 ; r500hz[1] ; r500hz[6] ; pll_inst|altpll_component|auto_generated|pll1|clk[0] ; pll_inst|altpll_component|auto_generated|pll1|clk[0] ; 0.000        ; 0.073      ; 1.653      ;
; 1.489 ; r500hz[4] ; r500hz[7] ; pll_inst|altpll_component|auto_generated|pll1|clk[0] ; pll_inst|altpll_component|auto_generated|pll1|clk[0] ; 0.000        ; 0.073      ; 1.757      ;
; 1.502 ; r500hz[3] ; r500hz[7] ; pll_inst|altpll_component|auto_generated|pll1|clk[0] ; pll_inst|altpll_component|auto_generated|pll1|clk[0] ; 0.000        ; 0.073      ; 1.770      ;
; 1.611 ; r500hz[2] ; r500hz[7] ; pll_inst|altpll_component|auto_generated|pll1|clk[0] ; pll_inst|altpll_component|auto_generated|pll1|clk[0] ; 0.000        ; 0.073      ; 1.879      ;
; 1.620 ; r500hz[0] ; r500hz[7] ; pll_inst|altpll_component|auto_generated|pll1|clk[0] ; pll_inst|altpll_component|auto_generated|pll1|clk[0] ; 0.000        ; 0.073      ; 1.888      ;
; 1.823 ; r500hz[1] ; r500hz[7] ; pll_inst|altpll_component|auto_generated|pll1|clk[0] ; pll_inst|altpll_component|auto_generated|pll1|clk[0] ; 0.000        ; 0.073      ; 2.091      ;
+-------+-----------+-----------+------------------------------------------------------+------------------------------------------------------+--------------+------------+------------+


+---------------------------------------------------------------------------------------------------------+
; Slow 1200mV 0C Model Hold: 'clk_500hz'                                                                  ;
+-------+-------------+-------------+--------------+-------------+--------------+------------+------------+
; Slack ; From Node   ; To Node     ; Launch Clock ; Latch Clock ; Relationship ; Clock Skew ; Data Delay ;
+-------+-------------+-------------+--------------+-------------+--------------+------------+------------+
; 0.462 ; r4hz[6]     ; r4hz[6]     ; clk_500hz    ; clk_500hz   ; 0.000        ; 0.071      ; 0.728      ;
; 0.470 ; led_ring[0] ; led_ring[1] ; clk_500hz    ; clk_500hz   ; 0.000        ; 0.071      ; 0.736      ;
; 0.471 ; led_ring[3] ; led_ring[0] ; clk_500hz    ; clk_500hz   ; 0.000        ; 0.071      ; 0.737      ;
; 0.492 ; led_ring[1] ; led_ring[2] ; clk_500hz    ; clk_500hz   ; 0.000        ; 0.071      ; 0.758      ;
; 0.621 ; led_ring[2] ; led_ring[3] ; clk_500hz    ; clk_500hz   ; 0.000        ; 0.071      ; 0.887      ;
; 0.693 ; r4hz[3]     ; r4hz[3]     ; clk_500hz    ; clk_500hz   ; 0.000        ; 0.071      ; 0.959      ;
; 0.694 ; r4hz[5]     ; r4hz[5]     ; clk_500hz    ; clk_500hz   ; 0.000        ; 0.071      ; 0.960      ;
; 0.699 ; r4hz[2]     ; r4hz[2]     ; clk_500hz    ; clk_500hz   ; 0.000        ; 0.071      ; 0.965      ;
; 0.699 ; r4hz[4]     ; r4hz[4]     ; clk_500hz    ; clk_500hz   ; 0.000        ; 0.071      ; 0.965      ;
; 0.711 ; r4hz[1]     ; r4hz[1]     ; clk_500hz    ; clk_500hz   ; 0.000        ; 0.071      ; 0.977      ;
; 0.725 ; r4hz[0]     ; r4hz[0]     ; clk_500hz    ; clk_500hz   ; 0.000        ; 0.071      ; 0.991      ;
; 1.015 ; r4hz[3]     ; r4hz[4]     ; clk_500hz    ; clk_500hz   ; 0.000        ; 0.071      ; 1.281      ;
; 1.016 ; r4hz[5]     ; r4hz[6]     ; clk_500hz    ; clk_500hz   ; 0.000        ; 0.071      ; 1.282      ;
; 1.018 ; r4hz[2]     ; r4hz[3]     ; clk_500hz    ; clk_500hz   ; 0.000        ; 0.071      ; 1.284      ;
; 1.018 ; r4hz[4]     ; r4hz[5]     ; clk_500hz    ; clk_500hz   ; 0.000        ; 0.071      ; 1.284      ;
; 1.020 ; r4hz[0]     ; r4hz[1]     ; clk_500hz    ; clk_500hz   ; 0.000        ; 0.071      ; 1.286      ;
; 1.033 ; r4hz[2]     ; r4hz[4]     ; clk_500hz    ; clk_500hz   ; 0.000        ; 0.071      ; 1.299      ;
; 1.033 ; r4hz[4]     ; r4hz[6]     ; clk_500hz    ; clk_500hz   ; 0.000        ; 0.071      ; 1.299      ;
; 1.035 ; r4hz[1]     ; r4hz[2]     ; clk_500hz    ; clk_500hz   ; 0.000        ; 0.071      ; 1.301      ;
; 1.035 ; r4hz[0]     ; r4hz[2]     ; clk_500hz    ; clk_500hz   ; 0.000        ; 0.071      ; 1.301      ;
; 1.111 ; r4hz[3]     ; r4hz[5]     ; clk_500hz    ; clk_500hz   ; 0.000        ; 0.071      ; 1.377      ;
; 1.130 ; r4hz[1]     ; r4hz[3]     ; clk_500hz    ; clk_500hz   ; 0.000        ; 0.071      ; 1.396      ;
; 1.137 ; r4hz[3]     ; r4hz[6]     ; clk_500hz    ; clk_500hz   ; 0.000        ; 0.071      ; 1.403      ;
; 1.140 ; r4hz[2]     ; r4hz[5]     ; clk_500hz    ; clk_500hz   ; 0.000        ; 0.071      ; 1.406      ;
; 1.142 ; r4hz[0]     ; r4hz[3]     ; clk_500hz    ; clk_500hz   ; 0.000        ; 0.071      ; 1.408      ;
; 1.155 ; r4hz[2]     ; r4hz[6]     ; clk_500hz    ; clk_500hz   ; 0.000        ; 0.071      ; 1.421      ;
; 1.157 ; r4hz[1]     ; r4hz[4]     ; clk_500hz    ; clk_500hz   ; 0.000        ; 0.071      ; 1.423      ;
; 1.157 ; r4hz[0]     ; r4hz[4]     ; clk_500hz    ; clk_500hz   ; 0.000        ; 0.071      ; 1.423      ;
; 1.252 ; r4hz[1]     ; r4hz[5]     ; clk_500hz    ; clk_500hz   ; 0.000        ; 0.071      ; 1.518      ;
; 1.264 ; r4hz[0]     ; r4hz[5]     ; clk_500hz    ; clk_500hz   ; 0.000        ; 0.071      ; 1.530      ;
; 1.279 ; r4hz[1]     ; r4hz[6]     ; clk_500hz    ; clk_500hz   ; 0.000        ; 0.071      ; 1.545      ;
; 1.279 ; r4hz[0]     ; r4hz[6]     ; clk_500hz    ; clk_500hz   ; 0.000        ; 0.071      ; 1.545      ;
; 1.468 ; r4hz[6]     ; r4hz[2]     ; clk_500hz    ; clk_500hz   ; 0.000        ; 0.071      ; 1.734      ;
; 1.468 ; r4hz[6]     ; r4hz[0]     ; clk_500hz    ; clk_500hz   ; 0.000        ; 0.071      ; 1.734      ;
; 1.468 ; r4hz[6]     ; r4hz[1]     ; clk_500hz    ; clk_500hz   ; 0.000        ; 0.071      ; 1.734      ;
; 1.468 ; r4hz[6]     ; r4hz[3]     ; clk_500hz    ; clk_500hz   ; 0.000        ; 0.071      ; 1.734      ;
; 1.468 ; r4hz[6]     ; r4hz[4]     ; clk_500hz    ; clk_500hz   ; 0.000        ; 0.071      ; 1.734      ;
; 1.468 ; r4hz[6]     ; r4hz[5]     ; clk_500hz    ; clk_500hz   ; 0.000        ; 0.071      ; 1.734      ;
; 1.514 ; r4hz[6]     ; led_ring[1] ; clk_500hz    ; clk_500hz   ; 0.000        ; 0.071      ; 1.780      ;
; 1.514 ; r4hz[6]     ; led_ring[0] ; clk_500hz    ; clk_500hz   ; 0.000        ; 0.071      ; 1.780      ;
; 1.514 ; r4hz[6]     ; led_ring[3] ; clk_500hz    ; clk_500hz   ; 0.000        ; 0.071      ; 1.780      ;
; 1.514 ; r4hz[6]     ; led_ring[2] ; clk_500hz    ; clk_500hz   ; 0.000        ; 0.071      ; 1.780      ;
; 1.736 ; r4hz[0]     ; led_ring[1] ; clk_500hz    ; clk_500hz   ; 0.000        ; 0.071      ; 2.002      ;
; 1.736 ; r4hz[0]     ; led_ring[0] ; clk_500hz    ; clk_500hz   ; 0.000        ; 0.071      ; 2.002      ;
; 1.736 ; r4hz[0]     ; led_ring[3] ; clk_500hz    ; clk_500hz   ; 0.000        ; 0.071      ; 2.002      ;
; 1.736 ; r4hz[0]     ; led_ring[2] ; clk_500hz    ; clk_500hz   ; 0.000        ; 0.071      ; 2.002      ;
; 1.750 ; r4hz[2]     ; r4hz[0]     ; clk_500hz    ; clk_500hz   ; 0.000        ; 0.071      ; 2.016      ;
; 1.750 ; r4hz[2]     ; r4hz[1]     ; clk_500hz    ; clk_500hz   ; 0.000        ; 0.071      ; 2.016      ;
; 1.882 ; r4hz[3]     ; r4hz[2]     ; clk_500hz    ; clk_500hz   ; 0.000        ; 0.071      ; 2.148      ;
; 1.882 ; r4hz[3]     ; r4hz[0]     ; clk_500hz    ; clk_500hz   ; 0.000        ; 0.071      ; 2.148      ;
; 1.882 ; r4hz[3]     ; r4hz[1]     ; clk_500hz    ; clk_500hz   ; 0.000        ; 0.071      ; 2.148      ;
; 1.938 ; r4hz[1]     ; led_ring[1] ; clk_500hz    ; clk_500hz   ; 0.000        ; 0.071      ; 2.204      ;
; 1.938 ; r4hz[1]     ; led_ring[0] ; clk_500hz    ; clk_500hz   ; 0.000        ; 0.071      ; 2.204      ;
; 1.938 ; r4hz[1]     ; led_ring[3] ; clk_500hz    ; clk_500hz   ; 0.000        ; 0.071      ; 2.204      ;
; 1.938 ; r4hz[1]     ; led_ring[2] ; clk_500hz    ; clk_500hz   ; 0.000        ; 0.071      ; 2.204      ;
; 1.973 ; r4hz[5]     ; r4hz[2]     ; clk_500hz    ; clk_500hz   ; 0.000        ; 0.071      ; 2.239      ;
; 1.973 ; r4hz[5]     ; r4hz[0]     ; clk_500hz    ; clk_500hz   ; 0.000        ; 0.071      ; 2.239      ;
; 1.973 ; r4hz[5]     ; r4hz[1]     ; clk_500hz    ; clk_500hz   ; 0.000        ; 0.071      ; 2.239      ;
; 1.973 ; r4hz[5]     ; r4hz[3]     ; clk_500hz    ; clk_500hz   ; 0.000        ; 0.071      ; 2.239      ;
; 1.973 ; r4hz[5]     ; r4hz[4]     ; clk_500hz    ; clk_500hz   ; 0.000        ; 0.071      ; 2.239      ;
; 1.976 ; r4hz[4]     ; r4hz[2]     ; clk_500hz    ; clk_500hz   ; 0.000        ; 0.071      ; 2.242      ;
; 1.976 ; r4hz[4]     ; r4hz[0]     ; clk_500hz    ; clk_500hz   ; 0.000        ; 0.071      ; 2.242      ;
; 1.976 ; r4hz[4]     ; r4hz[1]     ; clk_500hz    ; clk_500hz   ; 0.000        ; 0.071      ; 2.242      ;
; 1.976 ; r4hz[4]     ; r4hz[3]     ; clk_500hz    ; clk_500hz   ; 0.000        ; 0.071      ; 2.242      ;
; 2.019 ; r4hz[2]     ; led_ring[1] ; clk_500hz    ; clk_500hz   ; 0.000        ; 0.071      ; 2.285      ;
; 2.019 ; r4hz[2]     ; led_ring[0] ; clk_500hz    ; clk_500hz   ; 0.000        ; 0.071      ; 2.285      ;
; 2.019 ; r4hz[2]     ; led_ring[3] ; clk_500hz    ; clk_500hz   ; 0.000        ; 0.071      ; 2.285      ;
; 2.019 ; r4hz[2]     ; led_ring[2] ; clk_500hz    ; clk_500hz   ; 0.000        ; 0.071      ; 2.285      ;
; 2.159 ; r4hz[3]     ; led_ring[1] ; clk_500hz    ; clk_500hz   ; 0.000        ; 0.071      ; 2.425      ;
; 2.159 ; r4hz[3]     ; led_ring[0] ; clk_500hz    ; clk_500hz   ; 0.000        ; 0.071      ; 2.425      ;
; 2.159 ; r4hz[3]     ; led_ring[3] ; clk_500hz    ; clk_500hz   ; 0.000        ; 0.071      ; 2.425      ;
; 2.159 ; r4hz[3]     ; led_ring[2] ; clk_500hz    ; clk_500hz   ; 0.000        ; 0.071      ; 2.425      ;
; 2.250 ; r4hz[5]     ; led_ring[1] ; clk_500hz    ; clk_500hz   ; 0.000        ; 0.071      ; 2.516      ;
; 2.250 ; r4hz[5]     ; led_ring[0] ; clk_500hz    ; clk_500hz   ; 0.000        ; 0.071      ; 2.516      ;
; 2.250 ; r4hz[5]     ; led_ring[3] ; clk_500hz    ; clk_500hz   ; 0.000        ; 0.071      ; 2.516      ;
; 2.250 ; r4hz[5]     ; led_ring[2] ; clk_500hz    ; clk_500hz   ; 0.000        ; 0.071      ; 2.516      ;
; 2.253 ; r4hz[4]     ; led_ring[1] ; clk_500hz    ; clk_500hz   ; 0.000        ; 0.071      ; 2.519      ;
; 2.253 ; r4hz[4]     ; led_ring[0] ; clk_500hz    ; clk_500hz   ; 0.000        ; 0.071      ; 2.519      ;
; 2.253 ; r4hz[4]     ; led_ring[3] ; clk_500hz    ; clk_500hz   ; 0.000        ; 0.071      ; 2.519      ;
; 2.253 ; r4hz[4]     ; led_ring[2] ; clk_500hz    ; clk_500hz   ; 0.000        ; 0.071      ; 2.519      ;
; 6.190 ; led_ring[2] ; led[2]      ; clk_500hz    ; clk_500hz   ; 0.000        ; -2.104     ; 3.586      ;
; 6.476 ; led_ring[0] ; led[0]      ; clk_500hz    ; clk_500hz   ; 0.000        ; -2.104     ; 3.872      ;
; 6.794 ; led_ring[3] ; led[3]      ; clk_500hz    ; clk_500hz   ; 0.000        ; -2.104     ; 4.190      ;
; 7.539 ; led_ring[1] ; led[1]      ; clk_500hz    ; clk_500hz   ; 0.000        ; -2.104     ; 4.935      ;
+-------+-------------+-------------+--------------+-------------+--------------+------------+------------+


----------------------------------------------
; Slow 1200mV 0C Model Metastability Summary ;
----------------------------------------------
No synchronizer chains to report.


+------------------------------------------------------------------------------------+
; Fast 1200mV 0C Model Setup Summary                                                 ;
+------------------------------------------------------+-------------+---------------+
; Clock                                                ; Slack       ; End Point TNS ;
+------------------------------------------------------+-------------+---------------+
; pll_inst|altpll_component|auto_generated|pll1|clk[0] ; 7811.287    ; 0.000         ;
; clk_500hz                                            ; 1999994.798 ; 0.000         ;
+------------------------------------------------------+-------------+---------------+


+------------------------------------------------------------------------------+
; Fast 1200mV 0C Model Hold Summary                                            ;
+------------------------------------------------------+-------+---------------+
; Clock                                                ; Slack ; End Point TNS ;
+------------------------------------------------------+-------+---------------+
; pll_inst|altpll_component|auto_generated|pll1|clk[0] ; 0.193 ; 0.000         ;
; clk_500hz                                            ; 0.200 ; 0.000         ;
+------------------------------------------------------+-------+---------------+


-----------------------------------------
; Fast 1200mV 0C Model Recovery Summary ;
-----------------------------------------
No paths to report.


----------------------------------------
; Fast 1200mV 0C Model Removal Summary ;
----------------------------------------
No paths to report.


+-----------------------------------------------------------------------------------+
; Fast 1200mV 0C Model Minimum Pulse Width Summary                                  ;
+------------------------------------------------------+------------+---------------+
; Clock                                                ; Slack      ; End Point TNS ;
+------------------------------------------------------+------------+---------------+
; clk_40m                                              ; 11.923     ; 0.000         ;
; pll_inst|altpll_component|auto_generated|pll1|clk[0] ; 3906.049   ; 0.000         ;
; clk_500hz                                            ; 999999.768 ; 0.000         ;
+------------------------------------------------------+------------+---------------+


+-----------------------------------------------------------------------------------------------------------------------------------------------------------------------------------------+
; Fast 1200mV 0C Model Setup: 'pll_inst|altpll_component|auto_generated|pll1|clk[0]'                                                                                                      ;
+----------+-----------+-----------+------------------------------------------------------+------------------------------------------------------+--------------+------------+------------+
; Slack    ; From Node ; To Node   ; Launch Clock                                         ; Latch Clock                                          ; Relationship ; Clock Skew ; Data Delay ;
+----------+-----------+-----------+------------------------------------------------------+------------------------------------------------------+--------------+------------+------------+
; 7811.287 ; r500hz[1] ; r500hz[7] ; pll_inst|altpll_component|auto_generated|pll1|clk[0] ; pll_inst|altpll_component|auto_generated|pll1|clk[0] ; 7812.500     ; -0.037     ; 1.163      ;
; 7811.319 ; r500hz[2] ; r500hz[7] ; pll_inst|altpll_component|auto_generated|pll1|clk[0] ; pll_inst|altpll_component|auto_generated|pll1|clk[0] ; 7812.500     ; -0.037     ; 1.131      ;
; 7811.368 ; r500hz[0] ; r500hz[7] ; pll_inst|altpll_component|auto_generated|pll1|clk[0] ; pll_inst|altpll_component|auto_generated|pll1|clk[0] ; 7812.500     ; -0.037     ; 1.082      ;
; 7811.387 ; r500hz[4] ; r500hz[7] ; pll_inst|altpll_component|auto_generated|pll1|clk[0] ; pll_inst|altpll_component|auto_generated|pll1|clk[0] ; 7812.500     ; -0.037     ; 1.063      ;
; 7811.435 ; r500hz[3] ; r500hz[7] ; pll_inst|altpll_component|auto_generated|pll1|clk[0] ; pll_inst|altpll_component|auto_generated|pll1|clk[0] ; 7812.500     ; -0.037     ; 1.015      ;
; 7811.459 ; r500hz[6] ; r500hz[7] ; pll_inst|altpll_component|auto_generated|pll1|clk[0] ; pll_inst|altpll_component|auto_generated|pll1|clk[0] ; 7812.500     ; -0.037     ; 0.991      ;
; 7811.499 ; r500hz[1] ; r500hz[6] ; pll_inst|altpll_component|auto_generated|pll1|clk[0] ; pll_inst|altpll_component|auto_generated|pll1|clk[0] ; 7812.500     ; -0.037     ; 0.951      ;
; 7811.503 ; r500hz[5] ; r500hz[7] ; pll_inst|altpll_component|auto_generated|pll1|clk[0] ; pll_inst|altpll_component|auto_generated|pll1|clk[0] ; 7812.500     ; -0.037     ; 0.947      ;
; 7811.526 ; r500hz[1] ; r500hz[5] ; pll_inst|altpll_component|auto_generated|pll1|clk[0] ; pll_inst|altpll_component|auto_generated|pll1|clk[0] ; 7812.500     ; -0.037     ; 0.924      ;
; 7811.554 ; r500hz[2] ; r500hz[6] ; pll_inst|altpll_component|auto_generated|pll1|clk[0] ; pll_inst|altpll_component|auto_generated|pll1|clk[0] ; 7812.500     ; -0.037     ; 0.896      ;
; 7811.558 ; r500hz[2] ; r500hz[5] ; pll_inst|altpll_component|auto_generated|pll1|clk[0] ; pll_inst|altpll_component|auto_generated|pll1|clk[0] ; 7812.500     ; -0.037     ; 0.892      ;
; 7811.567 ; r500hz[1] ; r500hz[4] ; pll_inst|altpll_component|auto_generated|pll1|clk[0] ; pll_inst|altpll_component|auto_generated|pll1|clk[0] ; 7812.500     ; -0.037     ; 0.883      ;
; 7811.568 ; r500hz[0] ; r500hz[6] ; pll_inst|altpll_component|auto_generated|pll1|clk[0] ; pll_inst|altpll_component|auto_generated|pll1|clk[0] ; 7812.500     ; -0.037     ; 0.882      ;
; 7811.594 ; r500hz[1] ; r500hz[3] ; pll_inst|altpll_component|auto_generated|pll1|clk[0] ; pll_inst|altpll_component|auto_generated|pll1|clk[0] ; 7812.500     ; -0.037     ; 0.856      ;
; 7811.607 ; r500hz[0] ; r500hz[5] ; pll_inst|altpll_component|auto_generated|pll1|clk[0] ; pll_inst|altpll_component|auto_generated|pll1|clk[0] ; 7812.500     ; -0.037     ; 0.843      ;
; 7811.622 ; r500hz[4] ; r500hz[6] ; pll_inst|altpll_component|auto_generated|pll1|clk[0] ; pll_inst|altpll_component|auto_generated|pll1|clk[0] ; 7812.500     ; -0.037     ; 0.828      ;
; 7811.622 ; r500hz[2] ; r500hz[4] ; pll_inst|altpll_component|auto_generated|pll1|clk[0] ; pll_inst|altpll_component|auto_generated|pll1|clk[0] ; 7812.500     ; -0.037     ; 0.828      ;
; 7811.626 ; r500hz[4] ; r500hz[5] ; pll_inst|altpll_component|auto_generated|pll1|clk[0] ; pll_inst|altpll_component|auto_generated|pll1|clk[0] ; 7812.500     ; -0.037     ; 0.824      ;
; 7811.626 ; r500hz[2] ; r500hz[3] ; pll_inst|altpll_component|auto_generated|pll1|clk[0] ; pll_inst|altpll_component|auto_generated|pll1|clk[0] ; 7812.500     ; -0.037     ; 0.824      ;
; 7811.635 ; r500hz[1] ; r500hz[2] ; pll_inst|altpll_component|auto_generated|pll1|clk[0] ; pll_inst|altpll_component|auto_generated|pll1|clk[0] ; 7812.500     ; -0.037     ; 0.815      ;
; 7811.636 ; r500hz[3] ; r500hz[6] ; pll_inst|altpll_component|auto_generated|pll1|clk[0] ; pll_inst|altpll_component|auto_generated|pll1|clk[0] ; 7812.500     ; -0.037     ; 0.814      ;
; 7811.636 ; r500hz[0] ; r500hz[4] ; pll_inst|altpll_component|auto_generated|pll1|clk[0] ; pll_inst|altpll_component|auto_generated|pll1|clk[0] ; 7812.500     ; -0.037     ; 0.814      ;
; 7811.674 ; r500hz[3] ; r500hz[5] ; pll_inst|altpll_component|auto_generated|pll1|clk[0] ; pll_inst|altpll_component|auto_generated|pll1|clk[0] ; 7812.500     ; -0.037     ; 0.776      ;
; 7811.675 ; r500hz[0] ; r500hz[3] ; pll_inst|altpll_component|auto_generated|pll1|clk[0] ; pll_inst|altpll_component|auto_generated|pll1|clk[0] ; 7812.500     ; -0.037     ; 0.775      ;
; 7811.704 ; r500hz[5] ; r500hz[6] ; pll_inst|altpll_component|auto_generated|pll1|clk[0] ; pll_inst|altpll_component|auto_generated|pll1|clk[0] ; 7812.500     ; -0.037     ; 0.746      ;
; 7811.704 ; r500hz[3] ; r500hz[4] ; pll_inst|altpll_component|auto_generated|pll1|clk[0] ; pll_inst|altpll_component|auto_generated|pll1|clk[0] ; 7812.500     ; -0.037     ; 0.746      ;
; 7811.704 ; r500hz[0] ; r500hz[2] ; pll_inst|altpll_component|auto_generated|pll1|clk[0] ; pll_inst|altpll_component|auto_generated|pll1|clk[0] ; 7812.500     ; -0.037     ; 0.746      ;
; 7811.737 ; r500hz[7] ; r500hz[7] ; clk_500hz                                            ; pll_inst|altpll_component|auto_generated|pll1|clk[0] ; 7812.500     ; -0.142     ; 0.713      ;
; 7811.774 ; r500hz[7] ; r500hz[7] ; clk_500hz                                            ; pll_inst|altpll_component|auto_generated|pll1|clk[0] ; 7812.500     ; -0.142     ; 0.676      ;
; 7811.830 ; r500hz[1] ; r500hz[1] ; pll_inst|altpll_component|auto_generated|pll1|clk[0] ; pll_inst|altpll_component|auto_generated|pll1|clk[0] ; 7812.500     ; -0.037     ; 0.620      ;
; 7811.910 ; r500hz[5] ; r500hz[5] ; pll_inst|altpll_component|auto_generated|pll1|clk[0] ; pll_inst|altpll_component|auto_generated|pll1|clk[0] ; 7812.500     ; -0.037     ; 0.540      ;
; 7811.910 ; r500hz[3] ; r500hz[3] ; pll_inst|altpll_component|auto_generated|pll1|clk[0] ; pll_inst|altpll_component|auto_generated|pll1|clk[0] ; 7812.500     ; -0.037     ; 0.540      ;
; 7811.910 ; r500hz[0] ; r500hz[1] ; pll_inst|altpll_component|auto_generated|pll1|clk[0] ; pll_inst|altpll_component|auto_generated|pll1|clk[0] ; 7812.500     ; -0.037     ; 0.540      ;
; 7811.919 ; r500hz[4] ; r500hz[4] ; pll_inst|altpll_component|auto_generated|pll1|clk[0] ; pll_inst|altpll_component|auto_generated|pll1|clk[0] ; 7812.500     ; -0.037     ; 0.531      ;
; 7811.919 ; r500hz[2] ; r500hz[2] ; pll_inst|altpll_component|auto_generated|pll1|clk[0] ; pll_inst|altpll_component|auto_generated|pll1|clk[0] ; 7812.500     ; -0.037     ; 0.531      ;
; 7811.922 ; r500hz[6] ; r500hz[6] ; pll_inst|altpll_component|auto_generated|pll1|clk[0] ; pll_inst|altpll_component|auto_generated|pll1|clk[0] ; 7812.500     ; -0.037     ; 0.528      ;
; 7812.091 ; r500hz[0] ; r500hz[0] ; pll_inst|altpll_component|auto_generated|pll1|clk[0] ; pll_inst|altpll_component|auto_generated|pll1|clk[0] ; 7812.500     ; -0.037     ; 0.359      ;
+----------+-----------+-----------+------------------------------------------------------+------------------------------------------------------+--------------+------------+------------+


+---------------------------------------------------------------------------------------------------------------+
; Fast 1200mV 0C Model Setup: 'clk_500hz'                                                                       ;
+-------------+-------------+-------------+--------------+-------------+--------------+------------+------------+
; Slack       ; From Node   ; To Node     ; Launch Clock ; Latch Clock ; Relationship ; Clock Skew ; Data Delay ;
+-------------+-------------+-------------+--------------+-------------+--------------+------------+------------+
; 1999994.798 ; led_ring[1] ; led[1]      ; clk_500hz    ; clk_500hz   ; 2000000.000  ; -1.093     ; 3.579      ;
; 1999995.855 ; led_ring[3] ; led[3]      ; clk_500hz    ; clk_500hz   ; 2000000.000  ; -1.093     ; 2.522      ;
; 1999996.055 ; led_ring[0] ; led[0]      ; clk_500hz    ; clk_500hz   ; 2000000.000  ; -1.093     ; 2.322      ;
; 1999996.230 ; led_ring[2] ; led[2]      ; clk_500hz    ; clk_500hz   ; 2000000.000  ; -1.093     ; 2.147      ;
; 1999998.759 ; r4hz[5]     ; led_ring[1] ; clk_500hz    ; clk_500hz   ; 2000000.000  ; -0.036     ; 1.182      ;
; 1999998.759 ; r4hz[5]     ; led_ring[0] ; clk_500hz    ; clk_500hz   ; 2000000.000  ; -0.036     ; 1.182      ;
; 1999998.759 ; r4hz[5]     ; led_ring[3] ; clk_500hz    ; clk_500hz   ; 2000000.000  ; -0.036     ; 1.182      ;
; 1999998.759 ; r4hz[5]     ; led_ring[2] ; clk_500hz    ; clk_500hz   ; 2000000.000  ; -0.036     ; 1.182      ;
; 1999998.762 ; r4hz[4]     ; led_ring[1] ; clk_500hz    ; clk_500hz   ; 2000000.000  ; -0.036     ; 1.179      ;
; 1999998.762 ; r4hz[4]     ; led_ring[0] ; clk_500hz    ; clk_500hz   ; 2000000.000  ; -0.036     ; 1.179      ;
; 1999998.762 ; r4hz[4]     ; led_ring[3] ; clk_500hz    ; clk_500hz   ; 2000000.000  ; -0.036     ; 1.179      ;
; 1999998.762 ; r4hz[4]     ; led_ring[2] ; clk_500hz    ; clk_500hz   ; 2000000.000  ; -0.036     ; 1.179      ;
; 1999998.824 ; r4hz[3]     ; led_ring[1] ; clk_500hz    ; clk_500hz   ; 2000000.000  ; -0.036     ; 1.117      ;
; 1999998.824 ; r4hz[3]     ; led_ring[0] ; clk_500hz    ; clk_500hz   ; 2000000.000  ; -0.036     ; 1.117      ;
; 1999998.824 ; r4hz[3]     ; led_ring[3] ; clk_500hz    ; clk_500hz   ; 2000000.000  ; -0.036     ; 1.117      ;
; 1999998.824 ; r4hz[3]     ; led_ring[2] ; clk_500hz    ; clk_500hz   ; 2000000.000  ; -0.036     ; 1.117      ;
; 1999998.864 ; r4hz[5]     ; r4hz[6]     ; clk_500hz    ; clk_500hz   ; 2000000.000  ; -0.036     ; 1.077      ;
; 1999998.864 ; r4hz[5]     ; r4hz[2]     ; clk_500hz    ; clk_500hz   ; 2000000.000  ; -0.036     ; 1.077      ;
; 1999998.864 ; r4hz[5]     ; r4hz[0]     ; clk_500hz    ; clk_500hz   ; 2000000.000  ; -0.036     ; 1.077      ;
; 1999998.864 ; r4hz[5]     ; r4hz[1]     ; clk_500hz    ; clk_500hz   ; 2000000.000  ; -0.036     ; 1.077      ;
; 1999998.864 ; r4hz[5]     ; r4hz[3]     ; clk_500hz    ; clk_500hz   ; 2000000.000  ; -0.036     ; 1.077      ;
; 1999998.864 ; r4hz[5]     ; r4hz[4]     ; clk_500hz    ; clk_500hz   ; 2000000.000  ; -0.036     ; 1.077      ;
; 1999998.864 ; r4hz[5]     ; r4hz[5]     ; clk_500hz    ; clk_500hz   ; 2000000.000  ; -0.036     ; 1.077      ;
; 1999998.867 ; r4hz[4]     ; r4hz[6]     ; clk_500hz    ; clk_500hz   ; 2000000.000  ; -0.036     ; 1.074      ;
; 1999998.867 ; r4hz[4]     ; r4hz[2]     ; clk_500hz    ; clk_500hz   ; 2000000.000  ; -0.036     ; 1.074      ;
; 1999998.867 ; r4hz[4]     ; r4hz[0]     ; clk_500hz    ; clk_500hz   ; 2000000.000  ; -0.036     ; 1.074      ;
; 1999998.867 ; r4hz[4]     ; r4hz[1]     ; clk_500hz    ; clk_500hz   ; 2000000.000  ; -0.036     ; 1.074      ;
; 1999998.867 ; r4hz[4]     ; r4hz[3]     ; clk_500hz    ; clk_500hz   ; 2000000.000  ; -0.036     ; 1.074      ;
; 1999998.867 ; r4hz[4]     ; r4hz[4]     ; clk_500hz    ; clk_500hz   ; 2000000.000  ; -0.036     ; 1.074      ;
; 1999998.867 ; r4hz[4]     ; r4hz[5]     ; clk_500hz    ; clk_500hz   ; 2000000.000  ; -0.036     ; 1.074      ;
; 1999998.898 ; r4hz[2]     ; led_ring[1] ; clk_500hz    ; clk_500hz   ; 2000000.000  ; -0.036     ; 1.043      ;
; 1999998.898 ; r4hz[2]     ; led_ring[0] ; clk_500hz    ; clk_500hz   ; 2000000.000  ; -0.036     ; 1.043      ;
; 1999998.898 ; r4hz[2]     ; led_ring[3] ; clk_500hz    ; clk_500hz   ; 2000000.000  ; -0.036     ; 1.043      ;
; 1999998.898 ; r4hz[2]     ; led_ring[2] ; clk_500hz    ; clk_500hz   ; 2000000.000  ; -0.036     ; 1.043      ;
; 1999998.929 ; r4hz[3]     ; r4hz[6]     ; clk_500hz    ; clk_500hz   ; 2000000.000  ; -0.036     ; 1.012      ;
; 1999998.929 ; r4hz[3]     ; r4hz[2]     ; clk_500hz    ; clk_500hz   ; 2000000.000  ; -0.036     ; 1.012      ;
; 1999998.929 ; r4hz[3]     ; r4hz[0]     ; clk_500hz    ; clk_500hz   ; 2000000.000  ; -0.036     ; 1.012      ;
; 1999998.929 ; r4hz[3]     ; r4hz[1]     ; clk_500hz    ; clk_500hz   ; 2000000.000  ; -0.036     ; 1.012      ;
; 1999998.929 ; r4hz[3]     ; r4hz[3]     ; clk_500hz    ; clk_500hz   ; 2000000.000  ; -0.036     ; 1.012      ;
; 1999998.929 ; r4hz[3]     ; r4hz[4]     ; clk_500hz    ; clk_500hz   ; 2000000.000  ; -0.036     ; 1.012      ;
; 1999998.929 ; r4hz[3]     ; r4hz[5]     ; clk_500hz    ; clk_500hz   ; 2000000.000  ; -0.036     ; 1.012      ;
; 1999998.947 ; r4hz[1]     ; led_ring[1] ; clk_500hz    ; clk_500hz   ; 2000000.000  ; -0.036     ; 0.994      ;
; 1999998.947 ; r4hz[1]     ; led_ring[0] ; clk_500hz    ; clk_500hz   ; 2000000.000  ; -0.036     ; 0.994      ;
; 1999998.947 ; r4hz[1]     ; led_ring[3] ; clk_500hz    ; clk_500hz   ; 2000000.000  ; -0.036     ; 0.994      ;
; 1999998.947 ; r4hz[1]     ; led_ring[2] ; clk_500hz    ; clk_500hz   ; 2000000.000  ; -0.036     ; 0.994      ;
; 1999998.969 ; r4hz[1]     ; r4hz[6]     ; clk_500hz    ; clk_500hz   ; 2000000.000  ; -0.036     ; 0.972      ;
; 1999999.003 ; r4hz[2]     ; r4hz[6]     ; clk_500hz    ; clk_500hz   ; 2000000.000  ; -0.036     ; 0.938      ;
; 1999999.003 ; r4hz[2]     ; r4hz[2]     ; clk_500hz    ; clk_500hz   ; 2000000.000  ; -0.036     ; 0.938      ;
; 1999999.003 ; r4hz[2]     ; r4hz[0]     ; clk_500hz    ; clk_500hz   ; 2000000.000  ; -0.036     ; 0.938      ;
; 1999999.003 ; r4hz[2]     ; r4hz[1]     ; clk_500hz    ; clk_500hz   ; 2000000.000  ; -0.036     ; 0.938      ;
; 1999999.003 ; r4hz[2]     ; r4hz[3]     ; clk_500hz    ; clk_500hz   ; 2000000.000  ; -0.036     ; 0.938      ;
; 1999999.003 ; r4hz[2]     ; r4hz[4]     ; clk_500hz    ; clk_500hz   ; 2000000.000  ; -0.036     ; 0.938      ;
; 1999999.003 ; r4hz[2]     ; r4hz[5]     ; clk_500hz    ; clk_500hz   ; 2000000.000  ; -0.036     ; 0.938      ;
; 1999999.022 ; r4hz[0]     ; r4hz[6]     ; clk_500hz    ; clk_500hz   ; 2000000.000  ; -0.036     ; 0.919      ;
; 1999999.033 ; r4hz[1]     ; r4hz[5]     ; clk_500hz    ; clk_500hz   ; 2000000.000  ; -0.036     ; 0.908      ;
; 1999999.037 ; r4hz[1]     ; r4hz[4]     ; clk_500hz    ; clk_500hz   ; 2000000.000  ; -0.036     ; 0.904      ;
; 1999999.037 ; r4hz[0]     ; led_ring[1] ; clk_500hz    ; clk_500hz   ; 2000000.000  ; -0.036     ; 0.904      ;
; 1999999.037 ; r4hz[0]     ; led_ring[0] ; clk_500hz    ; clk_500hz   ; 2000000.000  ; -0.036     ; 0.904      ;
; 1999999.037 ; r4hz[0]     ; led_ring[3] ; clk_500hz    ; clk_500hz   ; 2000000.000  ; -0.036     ; 0.904      ;
; 1999999.037 ; r4hz[0]     ; led_ring[2] ; clk_500hz    ; clk_500hz   ; 2000000.000  ; -0.036     ; 0.904      ;
; 1999999.054 ; r4hz[0]     ; r4hz[5]     ; clk_500hz    ; clk_500hz   ; 2000000.000  ; -0.036     ; 0.887      ;
; 1999999.090 ; r4hz[0]     ; r4hz[4]     ; clk_500hz    ; clk_500hz   ; 2000000.000  ; -0.036     ; 0.851      ;
; 1999999.093 ; r4hz[6]     ; r4hz[6]     ; clk_500hz    ; clk_500hz   ; 2000000.000  ; -0.036     ; 0.848      ;
; 1999999.093 ; r4hz[6]     ; r4hz[2]     ; clk_500hz    ; clk_500hz   ; 2000000.000  ; -0.036     ; 0.848      ;
; 1999999.093 ; r4hz[6]     ; r4hz[0]     ; clk_500hz    ; clk_500hz   ; 2000000.000  ; -0.036     ; 0.848      ;
; 1999999.093 ; r4hz[6]     ; r4hz[1]     ; clk_500hz    ; clk_500hz   ; 2000000.000  ; -0.036     ; 0.848      ;
; 1999999.093 ; r4hz[6]     ; r4hz[3]     ; clk_500hz    ; clk_500hz   ; 2000000.000  ; -0.036     ; 0.848      ;
; 1999999.093 ; r4hz[6]     ; r4hz[4]     ; clk_500hz    ; clk_500hz   ; 2000000.000  ; -0.036     ; 0.848      ;
; 1999999.093 ; r4hz[6]     ; r4hz[5]     ; clk_500hz    ; clk_500hz   ; 2000000.000  ; -0.036     ; 0.848      ;
; 1999999.101 ; r4hz[1]     ; r4hz[3]     ; clk_500hz    ; clk_500hz   ; 2000000.000  ; -0.036     ; 0.840      ;
; 1999999.105 ; r4hz[1]     ; r4hz[2]     ; clk_500hz    ; clk_500hz   ; 2000000.000  ; -0.036     ; 0.836      ;
; 1999999.122 ; r4hz[0]     ; r4hz[3]     ; clk_500hz    ; clk_500hz   ; 2000000.000  ; -0.036     ; 0.819      ;
; 1999999.142 ; r4hz[6]     ; led_ring[1] ; clk_500hz    ; clk_500hz   ; 2000000.000  ; -0.036     ; 0.799      ;
; 1999999.142 ; r4hz[6]     ; led_ring[0] ; clk_500hz    ; clk_500hz   ; 2000000.000  ; -0.036     ; 0.799      ;
; 1999999.142 ; r4hz[6]     ; led_ring[3] ; clk_500hz    ; clk_500hz   ; 2000000.000  ; -0.036     ; 0.799      ;
; 1999999.142 ; r4hz[6]     ; led_ring[2] ; clk_500hz    ; clk_500hz   ; 2000000.000  ; -0.036     ; 0.799      ;
; 1999999.158 ; r4hz[0]     ; r4hz[2]     ; clk_500hz    ; clk_500hz   ; 2000000.000  ; -0.036     ; 0.783      ;
; 1999999.190 ; r4hz[0]     ; r4hz[1]     ; clk_500hz    ; clk_500hz   ; 2000000.000  ; -0.036     ; 0.751      ;
; 1999999.394 ; r4hz[0]     ; r4hz[0]     ; clk_500hz    ; clk_500hz   ; 2000000.000  ; -0.036     ; 0.547      ;
; 1999999.398 ; r4hz[1]     ; r4hz[1]     ; clk_500hz    ; clk_500hz   ; 2000000.000  ; -0.036     ; 0.543      ;
; 1999999.484 ; led_ring[2] ; led_ring[3] ; clk_500hz    ; clk_500hz   ; 2000000.000  ; -0.036     ; 0.457      ;
; 1999999.557 ; led_ring[1] ; led_ring[2] ; clk_500hz    ; clk_500hz   ; 2000000.000  ; -0.036     ; 0.384      ;
; 1999999.561 ; led_ring[3] ; led_ring[0] ; clk_500hz    ; clk_500hz   ; 2000000.000  ; -0.036     ; 0.380      ;
; 1999999.562 ; led_ring[0] ; led_ring[1] ; clk_500hz    ; clk_500hz   ; 2000000.000  ; -0.036     ; 0.379      ;
+-------------+-------------+-------------+--------------+-------------+--------------+------------+------------+


+--------------------------------------------------------------------------------------------------------------------------------------------------------------------------------------+
; Fast 1200mV 0C Model Hold: 'pll_inst|altpll_component|auto_generated|pll1|clk[0]'                                                                                                    ;
+-------+-----------+-----------+------------------------------------------------------+------------------------------------------------------+--------------+------------+------------+
; Slack ; From Node ; To Node   ; Launch Clock                                         ; Latch Clock                                          ; Relationship ; Clock Skew ; Data Delay ;
+-------+-----------+-----------+------------------------------------------------------+------------------------------------------------------+--------------+------------+------------+
; 0.193 ; r500hz[0] ; r500hz[0] ; pll_inst|altpll_component|auto_generated|pll1|clk[0] ; pll_inst|altpll_component|auto_generated|pll1|clk[0] ; 0.000        ; 0.037      ; 0.314      ;
; 0.293 ; r500hz[6] ; r500hz[6] ; pll_inst|altpll_component|auto_generated|pll1|clk[0] ; pll_inst|altpll_component|auto_generated|pll1|clk[0] ; 0.000        ; 0.037      ; 0.414      ;
; 0.294 ; r500hz[4] ; r500hz[4] ; pll_inst|altpll_component|auto_generated|pll1|clk[0] ; pll_inst|altpll_component|auto_generated|pll1|clk[0] ; 0.000        ; 0.037      ; 0.415      ;
; 0.294 ; r500hz[2] ; r500hz[2] ; pll_inst|altpll_component|auto_generated|pll1|clk[0] ; pll_inst|altpll_component|auto_generated|pll1|clk[0] ; 0.000        ; 0.037      ; 0.415      ;
; 0.295 ; r500hz[5] ; r500hz[5] ; pll_inst|altpll_component|auto_generated|pll1|clk[0] ; pll_inst|altpll_component|auto_generated|pll1|clk[0] ; 0.000        ; 0.037      ; 0.416      ;
; 0.295 ; r500hz[3] ; r500hz[3] ; pll_inst|altpll_component|auto_generated|pll1|clk[0] ; pll_inst|altpll_component|auto_generated|pll1|clk[0] ; 0.000        ; 0.037      ; 0.416      ;
; 0.300 ; r500hz[0] ; r500hz[1] ; pll_inst|altpll_component|auto_generated|pll1|clk[0] ; pll_inst|altpll_component|auto_generated|pll1|clk[0] ; 0.000        ; 0.037      ; 0.421      ;
; 0.366 ; r500hz[1] ; r500hz[1] ; pll_inst|altpll_component|auto_generated|pll1|clk[0] ; pll_inst|altpll_component|auto_generated|pll1|clk[0] ; 0.000        ; 0.037      ; 0.487      ;
; 0.437 ; r500hz[7] ; r500hz[7] ; clk_500hz                                            ; pll_inst|altpll_component|auto_generated|pll1|clk[0] ; 0.000        ; -0.068     ; 0.578      ;
; 0.443 ; r500hz[4] ; r500hz[5] ; pll_inst|altpll_component|auto_generated|pll1|clk[0] ; pll_inst|altpll_component|auto_generated|pll1|clk[0] ; 0.000        ; 0.037      ; 0.564      ;
; 0.443 ; r500hz[2] ; r500hz[3] ; pll_inst|altpll_component|auto_generated|pll1|clk[0] ; pll_inst|altpll_component|auto_generated|pll1|clk[0] ; 0.000        ; 0.037      ; 0.564      ;
; 0.452 ; r500hz[0] ; r500hz[2] ; pll_inst|altpll_component|auto_generated|pll1|clk[0] ; pll_inst|altpll_component|auto_generated|pll1|clk[0] ; 0.000        ; 0.037      ; 0.573      ;
; 0.453 ; r500hz[5] ; r500hz[6] ; pll_inst|altpll_component|auto_generated|pll1|clk[0] ; pll_inst|altpll_component|auto_generated|pll1|clk[0] ; 0.000        ; 0.037      ; 0.574      ;
; 0.453 ; r500hz[3] ; r500hz[4] ; pll_inst|altpll_component|auto_generated|pll1|clk[0] ; pll_inst|altpll_component|auto_generated|pll1|clk[0] ; 0.000        ; 0.037      ; 0.574      ;
; 0.455 ; r500hz[0] ; r500hz[3] ; pll_inst|altpll_component|auto_generated|pll1|clk[0] ; pll_inst|altpll_component|auto_generated|pll1|clk[0] ; 0.000        ; 0.037      ; 0.576      ;
; 0.456 ; r500hz[3] ; r500hz[5] ; pll_inst|altpll_component|auto_generated|pll1|clk[0] ; pll_inst|altpll_component|auto_generated|pll1|clk[0] ; 0.000        ; 0.037      ; 0.577      ;
; 0.496 ; r500hz[7] ; r500hz[7] ; clk_500hz                                            ; pll_inst|altpll_component|auto_generated|pll1|clk[0] ; 0.000        ; -0.068     ; 0.637      ;
; 0.506 ; r500hz[4] ; r500hz[6] ; pll_inst|altpll_component|auto_generated|pll1|clk[0] ; pll_inst|altpll_component|auto_generated|pll1|clk[0] ; 0.000        ; 0.037      ; 0.627      ;
; 0.506 ; r500hz[2] ; r500hz[4] ; pll_inst|altpll_component|auto_generated|pll1|clk[0] ; pll_inst|altpll_component|auto_generated|pll1|clk[0] ; 0.000        ; 0.037      ; 0.627      ;
; 0.509 ; r500hz[2] ; r500hz[5] ; pll_inst|altpll_component|auto_generated|pll1|clk[0] ; pll_inst|altpll_component|auto_generated|pll1|clk[0] ; 0.000        ; 0.037      ; 0.630      ;
; 0.518 ; r500hz[0] ; r500hz[4] ; pll_inst|altpll_component|auto_generated|pll1|clk[0] ; pll_inst|altpll_component|auto_generated|pll1|clk[0] ; 0.000        ; 0.037      ; 0.639      ;
; 0.519 ; r500hz[1] ; r500hz[2] ; pll_inst|altpll_component|auto_generated|pll1|clk[0] ; pll_inst|altpll_component|auto_generated|pll1|clk[0] ; 0.000        ; 0.037      ; 0.640      ;
; 0.519 ; r500hz[3] ; r500hz[6] ; pll_inst|altpll_component|auto_generated|pll1|clk[0] ; pll_inst|altpll_component|auto_generated|pll1|clk[0] ; 0.000        ; 0.037      ; 0.640      ;
; 0.521 ; r500hz[0] ; r500hz[5] ; pll_inst|altpll_component|auto_generated|pll1|clk[0] ; pll_inst|altpll_component|auto_generated|pll1|clk[0] ; 0.000        ; 0.037      ; 0.642      ;
; 0.522 ; r500hz[1] ; r500hz[3] ; pll_inst|altpll_component|auto_generated|pll1|clk[0] ; pll_inst|altpll_component|auto_generated|pll1|clk[0] ; 0.000        ; 0.037      ; 0.643      ;
; 0.572 ; r500hz[2] ; r500hz[6] ; pll_inst|altpll_component|auto_generated|pll1|clk[0] ; pll_inst|altpll_component|auto_generated|pll1|clk[0] ; 0.000        ; 0.037      ; 0.693      ;
; 0.584 ; r500hz[0] ; r500hz[6] ; pll_inst|altpll_component|auto_generated|pll1|clk[0] ; pll_inst|altpll_component|auto_generated|pll1|clk[0] ; 0.000        ; 0.037      ; 0.705      ;
; 0.585 ; r500hz[1] ; r500hz[4] ; pll_inst|altpll_component|auto_generated|pll1|clk[0] ; pll_inst|altpll_component|auto_generated|pll1|clk[0] ; 0.000        ; 0.037      ; 0.706      ;
; 0.588 ; r500hz[1] ; r500hz[5] ; pll_inst|altpll_component|auto_generated|pll1|clk[0] ; pll_inst|altpll_component|auto_generated|pll1|clk[0] ; 0.000        ; 0.037      ; 0.709      ;
; 0.594 ; r500hz[6] ; r500hz[7] ; pll_inst|altpll_component|auto_generated|pll1|clk[0] ; pll_inst|altpll_component|auto_generated|pll1|clk[0] ; 0.000        ; 0.037      ; 0.715      ;
; 0.608 ; r500hz[5] ; r500hz[7] ; pll_inst|altpll_component|auto_generated|pll1|clk[0] ; pll_inst|altpll_component|auto_generated|pll1|clk[0] ; 0.000        ; 0.037      ; 0.729      ;
; 0.651 ; r500hz[1] ; r500hz[6] ; pll_inst|altpll_component|auto_generated|pll1|clk[0] ; pll_inst|altpll_component|auto_generated|pll1|clk[0] ; 0.000        ; 0.037      ; 0.772      ;
; 0.661 ; r500hz[4] ; r500hz[7] ; pll_inst|altpll_component|auto_generated|pll1|clk[0] ; pll_inst|altpll_component|auto_generated|pll1|clk[0] ; 0.000        ; 0.037      ; 0.782      ;
; 0.674 ; r500hz[3] ; r500hz[7] ; pll_inst|altpll_component|auto_generated|pll1|clk[0] ; pll_inst|altpll_component|auto_generated|pll1|clk[0] ; 0.000        ; 0.037      ; 0.795      ;
; 0.727 ; r500hz[2] ; r500hz[7] ; pll_inst|altpll_component|auto_generated|pll1|clk[0] ; pll_inst|altpll_component|auto_generated|pll1|clk[0] ; 0.000        ; 0.037      ; 0.848      ;
; 0.739 ; r500hz[0] ; r500hz[7] ; pll_inst|altpll_component|auto_generated|pll1|clk[0] ; pll_inst|altpll_component|auto_generated|pll1|clk[0] ; 0.000        ; 0.037      ; 0.860      ;
; 0.806 ; r500hz[1] ; r500hz[7] ; pll_inst|altpll_component|auto_generated|pll1|clk[0] ; pll_inst|altpll_component|auto_generated|pll1|clk[0] ; 0.000        ; 0.037      ; 0.927      ;
+-------+-----------+-----------+------------------------------------------------------+------------------------------------------------------+--------------+------------+------------+


+---------------------------------------------------------------------------------------------------------+
; Fast 1200mV 0C Model Hold: 'clk_500hz'                                                                  ;
+-------+-------------+-------------+--------------+-------------+--------------+------------+------------+
; Slack ; From Node   ; To Node     ; Launch Clock ; Latch Clock ; Relationship ; Clock Skew ; Data Delay ;
+-------+-------------+-------------+--------------+-------------+--------------+------------+------------+
; 0.200 ; r4hz[6]     ; r4hz[6]     ; clk_500hz    ; clk_500hz   ; 0.000        ; 0.036      ; 0.320      ;
; 0.205 ; led_ring[1] ; led_ring[2] ; clk_500hz    ; clk_500hz   ; 0.000        ; 0.036      ; 0.325      ;
; 0.208 ; led_ring[0] ; led_ring[1] ; clk_500hz    ; clk_500hz   ; 0.000        ; 0.036      ; 0.328      ;
; 0.209 ; led_ring[3] ; led_ring[0] ; clk_500hz    ; clk_500hz   ; 0.000        ; 0.036      ; 0.329      ;
; 0.264 ; led_ring[2] ; led_ring[3] ; clk_500hz    ; clk_500hz   ; 0.000        ; 0.036      ; 0.384      ;
; 0.298 ; r4hz[3]     ; r4hz[3]     ; clk_500hz    ; clk_500hz   ; 0.000        ; 0.036      ; 0.418      ;
; 0.298 ; r4hz[5]     ; r4hz[5]     ; clk_500hz    ; clk_500hz   ; 0.000        ; 0.036      ; 0.418      ;
; 0.300 ; r4hz[2]     ; r4hz[2]     ; clk_500hz    ; clk_500hz   ; 0.000        ; 0.036      ; 0.420      ;
; 0.300 ; r4hz[4]     ; r4hz[4]     ; clk_500hz    ; clk_500hz   ; 0.000        ; 0.036      ; 0.420      ;
; 0.306 ; r4hz[1]     ; r4hz[1]     ; clk_500hz    ; clk_500hz   ; 0.000        ; 0.036      ; 0.426      ;
; 0.311 ; r4hz[0]     ; r4hz[0]     ; clk_500hz    ; clk_500hz   ; 0.000        ; 0.036      ; 0.431      ;
; 0.447 ; r4hz[5]     ; r4hz[6]     ; clk_500hz    ; clk_500hz   ; 0.000        ; 0.036      ; 0.567      ;
; 0.447 ; r4hz[3]     ; r4hz[4]     ; clk_500hz    ; clk_500hz   ; 0.000        ; 0.036      ; 0.567      ;
; 0.455 ; r4hz[1]     ; r4hz[2]     ; clk_500hz    ; clk_500hz   ; 0.000        ; 0.036      ; 0.575      ;
; 0.458 ; r4hz[2]     ; r4hz[3]     ; clk_500hz    ; clk_500hz   ; 0.000        ; 0.036      ; 0.578      ;
; 0.458 ; r4hz[4]     ; r4hz[5]     ; clk_500hz    ; clk_500hz   ; 0.000        ; 0.036      ; 0.578      ;
; 0.458 ; r4hz[0]     ; r4hz[1]     ; clk_500hz    ; clk_500hz   ; 0.000        ; 0.036      ; 0.578      ;
; 0.461 ; r4hz[4]     ; r4hz[6]     ; clk_500hz    ; clk_500hz   ; 0.000        ; 0.036      ; 0.581      ;
; 0.461 ; r4hz[2]     ; r4hz[4]     ; clk_500hz    ; clk_500hz   ; 0.000        ; 0.036      ; 0.581      ;
; 0.461 ; r4hz[0]     ; r4hz[2]     ; clk_500hz    ; clk_500hz   ; 0.000        ; 0.036      ; 0.581      ;
; 0.510 ; r4hz[3]     ; r4hz[5]     ; clk_500hz    ; clk_500hz   ; 0.000        ; 0.036      ; 0.630      ;
; 0.513 ; r4hz[3]     ; r4hz[6]     ; clk_500hz    ; clk_500hz   ; 0.000        ; 0.036      ; 0.633      ;
; 0.518 ; r4hz[1]     ; r4hz[3]     ; clk_500hz    ; clk_500hz   ; 0.000        ; 0.036      ; 0.638      ;
; 0.521 ; r4hz[1]     ; r4hz[4]     ; clk_500hz    ; clk_500hz   ; 0.000        ; 0.036      ; 0.641      ;
; 0.524 ; r4hz[2]     ; r4hz[5]     ; clk_500hz    ; clk_500hz   ; 0.000        ; 0.036      ; 0.644      ;
; 0.524 ; r4hz[0]     ; r4hz[3]     ; clk_500hz    ; clk_500hz   ; 0.000        ; 0.036      ; 0.644      ;
; 0.527 ; r4hz[2]     ; r4hz[6]     ; clk_500hz    ; clk_500hz   ; 0.000        ; 0.036      ; 0.647      ;
; 0.527 ; r4hz[0]     ; r4hz[4]     ; clk_500hz    ; clk_500hz   ; 0.000        ; 0.036      ; 0.647      ;
; 0.584 ; r4hz[1]     ; r4hz[5]     ; clk_500hz    ; clk_500hz   ; 0.000        ; 0.036      ; 0.704      ;
; 0.587 ; r4hz[1]     ; r4hz[6]     ; clk_500hz    ; clk_500hz   ; 0.000        ; 0.036      ; 0.707      ;
; 0.590 ; r4hz[0]     ; r4hz[5]     ; clk_500hz    ; clk_500hz   ; 0.000        ; 0.036      ; 0.710      ;
; 0.593 ; r4hz[0]     ; r4hz[6]     ; clk_500hz    ; clk_500hz   ; 0.000        ; 0.036      ; 0.713      ;
; 0.618 ; r4hz[6]     ; r4hz[2]     ; clk_500hz    ; clk_500hz   ; 0.000        ; 0.036      ; 0.738      ;
; 0.618 ; r4hz[6]     ; r4hz[0]     ; clk_500hz    ; clk_500hz   ; 0.000        ; 0.036      ; 0.738      ;
; 0.618 ; r4hz[6]     ; r4hz[1]     ; clk_500hz    ; clk_500hz   ; 0.000        ; 0.036      ; 0.738      ;
; 0.618 ; r4hz[6]     ; r4hz[3]     ; clk_500hz    ; clk_500hz   ; 0.000        ; 0.036      ; 0.738      ;
; 0.618 ; r4hz[6]     ; r4hz[4]     ; clk_500hz    ; clk_500hz   ; 0.000        ; 0.036      ; 0.738      ;
; 0.618 ; r4hz[6]     ; r4hz[5]     ; clk_500hz    ; clk_500hz   ; 0.000        ; 0.036      ; 0.738      ;
; 0.658 ; r4hz[6]     ; led_ring[1] ; clk_500hz    ; clk_500hz   ; 0.000        ; 0.036      ; 0.778      ;
; 0.658 ; r4hz[6]     ; led_ring[0] ; clk_500hz    ; clk_500hz   ; 0.000        ; 0.036      ; 0.778      ;
; 0.658 ; r4hz[6]     ; led_ring[3] ; clk_500hz    ; clk_500hz   ; 0.000        ; 0.036      ; 0.778      ;
; 0.658 ; r4hz[6]     ; led_ring[2] ; clk_500hz    ; clk_500hz   ; 0.000        ; 0.036      ; 0.778      ;
; 0.726 ; r4hz[2]     ; r4hz[0]     ; clk_500hz    ; clk_500hz   ; 0.000        ; 0.036      ; 0.846      ;
; 0.726 ; r4hz[2]     ; r4hz[1]     ; clk_500hz    ; clk_500hz   ; 0.000        ; 0.036      ; 0.846      ;
; 0.776 ; r4hz[0]     ; led_ring[1] ; clk_500hz    ; clk_500hz   ; 0.000        ; 0.036      ; 0.896      ;
; 0.776 ; r4hz[0]     ; led_ring[0] ; clk_500hz    ; clk_500hz   ; 0.000        ; 0.036      ; 0.896      ;
; 0.776 ; r4hz[0]     ; led_ring[3] ; clk_500hz    ; clk_500hz   ; 0.000        ; 0.036      ; 0.896      ;
; 0.776 ; r4hz[0]     ; led_ring[2] ; clk_500hz    ; clk_500hz   ; 0.000        ; 0.036      ; 0.896      ;
; 0.786 ; r4hz[3]     ; r4hz[2]     ; clk_500hz    ; clk_500hz   ; 0.000        ; 0.036      ; 0.906      ;
; 0.786 ; r4hz[3]     ; r4hz[0]     ; clk_500hz    ; clk_500hz   ; 0.000        ; 0.036      ; 0.906      ;
; 0.786 ; r4hz[3]     ; r4hz[1]     ; clk_500hz    ; clk_500hz   ; 0.000        ; 0.036      ; 0.906      ;
; 0.829 ; r4hz[5]     ; r4hz[2]     ; clk_500hz    ; clk_500hz   ; 0.000        ; 0.036      ; 0.949      ;
; 0.829 ; r4hz[4]     ; r4hz[2]     ; clk_500hz    ; clk_500hz   ; 0.000        ; 0.036      ; 0.949      ;
; 0.829 ; r4hz[5]     ; r4hz[0]     ; clk_500hz    ; clk_500hz   ; 0.000        ; 0.036      ; 0.949      ;
; 0.829 ; r4hz[4]     ; r4hz[0]     ; clk_500hz    ; clk_500hz   ; 0.000        ; 0.036      ; 0.949      ;
; 0.829 ; r4hz[5]     ; r4hz[1]     ; clk_500hz    ; clk_500hz   ; 0.000        ; 0.036      ; 0.949      ;
; 0.829 ; r4hz[4]     ; r4hz[1]     ; clk_500hz    ; clk_500hz   ; 0.000        ; 0.036      ; 0.949      ;
; 0.829 ; r4hz[5]     ; r4hz[3]     ; clk_500hz    ; clk_500hz   ; 0.000        ; 0.036      ; 0.949      ;
; 0.829 ; r4hz[4]     ; r4hz[3]     ; clk_500hz    ; clk_500hz   ; 0.000        ; 0.036      ; 0.949      ;
; 0.829 ; r4hz[5]     ; r4hz[4]     ; clk_500hz    ; clk_500hz   ; 0.000        ; 0.036      ; 0.949      ;
; 0.847 ; r4hz[1]     ; led_ring[1] ; clk_500hz    ; clk_500hz   ; 0.000        ; 0.036      ; 0.967      ;
; 0.847 ; r4hz[1]     ; led_ring[0] ; clk_500hz    ; clk_500hz   ; 0.000        ; 0.036      ; 0.967      ;
; 0.847 ; r4hz[1]     ; led_ring[3] ; clk_500hz    ; clk_500hz   ; 0.000        ; 0.036      ; 0.967      ;
; 0.847 ; r4hz[1]     ; led_ring[2] ; clk_500hz    ; clk_500hz   ; 0.000        ; 0.036      ; 0.967      ;
; 0.869 ; r4hz[2]     ; led_ring[1] ; clk_500hz    ; clk_500hz   ; 0.000        ; 0.036      ; 0.989      ;
; 0.869 ; r4hz[2]     ; led_ring[0] ; clk_500hz    ; clk_500hz   ; 0.000        ; 0.036      ; 0.989      ;
; 0.869 ; r4hz[2]     ; led_ring[3] ; clk_500hz    ; clk_500hz   ; 0.000        ; 0.036      ; 0.989      ;
; 0.869 ; r4hz[2]     ; led_ring[2] ; clk_500hz    ; clk_500hz   ; 0.000        ; 0.036      ; 0.989      ;
; 0.929 ; r4hz[3]     ; led_ring[1] ; clk_500hz    ; clk_500hz   ; 0.000        ; 0.036      ; 1.049      ;
; 0.929 ; r4hz[3]     ; led_ring[0] ; clk_500hz    ; clk_500hz   ; 0.000        ; 0.036      ; 1.049      ;
; 0.929 ; r4hz[3]     ; led_ring[3] ; clk_500hz    ; clk_500hz   ; 0.000        ; 0.036      ; 1.049      ;
; 0.929 ; r4hz[3]     ; led_ring[2] ; clk_500hz    ; clk_500hz   ; 0.000        ; 0.036      ; 1.049      ;
; 0.972 ; r4hz[5]     ; led_ring[1] ; clk_500hz    ; clk_500hz   ; 0.000        ; 0.036      ; 1.092      ;
; 0.972 ; r4hz[4]     ; led_ring[1] ; clk_500hz    ; clk_500hz   ; 0.000        ; 0.036      ; 1.092      ;
; 0.972 ; r4hz[5]     ; led_ring[0] ; clk_500hz    ; clk_500hz   ; 0.000        ; 0.036      ; 1.092      ;
; 0.972 ; r4hz[4]     ; led_ring[0] ; clk_500hz    ; clk_500hz   ; 0.000        ; 0.036      ; 1.092      ;
; 0.972 ; r4hz[5]     ; led_ring[3] ; clk_500hz    ; clk_500hz   ; 0.000        ; 0.036      ; 1.092      ;
; 0.972 ; r4hz[4]     ; led_ring[3] ; clk_500hz    ; clk_500hz   ; 0.000        ; 0.036      ; 1.092      ;
; 0.972 ; r4hz[5]     ; led_ring[2] ; clk_500hz    ; clk_500hz   ; 0.000        ; 0.036      ; 1.092      ;
; 0.972 ; r4hz[4]     ; led_ring[2] ; clk_500hz    ; clk_500hz   ; 0.000        ; 0.036      ; 1.092      ;
; 3.622 ; led_ring[2] ; led[2]      ; clk_500hz    ; clk_500hz   ; 0.000        ; -1.039     ; 2.083      ;
; 3.782 ; led_ring[0] ; led[0]      ; clk_500hz    ; clk_500hz   ; 0.000        ; -1.039     ; 2.243      ;
; 3.947 ; led_ring[3] ; led[3]      ; clk_500hz    ; clk_500hz   ; 0.000        ; -1.039     ; 2.408      ;
; 4.812 ; led_ring[1] ; led[1]      ; clk_500hz    ; clk_500hz   ; 0.000        ; -1.039     ; 3.273      ;
+-------+-------------+-------------+--------------+-------------+--------------+------------+------------+


----------------------------------------------
; Fast 1200mV 0C Model Metastability Summary ;
----------------------------------------------
No synchronizer chains to report.


+------------------------------------------------------------------------------------------------------------------------+
; Multicorner Timing Analysis Summary                                                                                    ;
+-------------------------------------------------------+-------------+-------+----------+---------+---------------------+
; Clock                                                 ; Setup       ; Hold  ; Recovery ; Removal ; Minimum Pulse Width ;
+-------------------------------------------------------+-------------+-------+----------+---------+---------------------+
; Worst-case Slack                                      ; 7809.710    ; 0.193 ; N/A      ; N/A     ; 11.923              ;
;  clk_40m                                              ; N/A         ; N/A   ; N/A      ; N/A     ; 11.923              ;
;  clk_500hz                                            ; 1999990.719 ; 0.200 ; N/A      ; N/A     ; 999999.768          ;
;  pll_inst|altpll_component|auto_generated|pll1|clk[0] ; 7809.710    ; 0.193 ; N/A      ; N/A     ; 3905.968            ;
; Design-wide TNS                                       ; 0.0         ; 0.0   ; 0.0      ; 0.0     ; 0.0                 ;
;  clk_40m                                              ; N/A         ; N/A   ; N/A      ; N/A     ; 0.000               ;
;  clk_500hz                                            ; 0.000       ; 0.000 ; N/A      ; N/A     ; 0.000               ;
;  pll_inst|altpll_component|auto_generated|pll1|clk[0] ; 0.000       ; 0.000 ; N/A      ; N/A     ; 0.000               ;
+-------------------------------------------------------+-------------+-------+----------+---------+---------------------+


+------------------------------------------------------------------------------------------------------------------------------------------------------------------------------------------------------------------------------------------------------------------------------------------------------------------------------------------------------------------------------------------------------------------+
; Board Trace Model Assignments                                                                                                                                                                                                                                                                                                                                                                                    ;
+---------------+--------------+-------------------+-------------------------+-------------------------+---------------+---------------------+----------------+------------------+--------+------------------+------------------------+------------------------+--------------+---------------+-----------------+-------+---------------------+--------------------+---------------+-----------------+-------------+
; Pin           ; I/O Standard ; Near Tline Length ; Near Tline L per Length ; Near Tline C per Length ; Near Series R ; Near Differential R ; Near Pull-up R ; Near Pull-down R ; Near C ; Far Tline Length ; Far Tline L per Length ; Far Tline C per Length ; Far Series R ; Far Pull-up R ; Far Pull-down R ; Far C ; Termination Voltage ; Far Differential R ; EBD File Name ; EBD Signal Name ; EBD Far-end ;
+---------------+--------------+-------------------+-------------------------+-------------------------+---------------+---------------------+----------------+------------------+--------+------------------+------------------------+------------------------+--------------+---------------+-----------------+-------+---------------------+--------------------+---------------+-----------------+-------------+
; led[0]        ; 3.3-V LVTTL  ; 0 in              ; 0 H/in                  ; 0 F/in                  ; short         ; -                   ; open           ; open             ; open   ; 0 in             ; 0 H/in                 ; 0 F/in                 ; short        ; open          ; open            ; open  ; 0 V                 ; -                  ; n/a           ; n/a             ; n/a         ;
; led[1]        ; 3.3-V LVTTL  ; 0 in              ; 0 H/in                  ; 0 F/in                  ; short         ; -                   ; open           ; open             ; open   ; 0 in             ; 0 H/in                 ; 0 F/in                 ; short        ; open          ; open            ; open  ; 0 V                 ; -                  ; n/a           ; n/a             ; n/a         ;
; led[2]        ; 3.3-V LVTTL  ; 0 in              ; 0 H/in                  ; 0 F/in                  ; short         ; -                   ; open           ; open             ; open   ; 0 in             ; 0 H/in                 ; 0 F/in                 ; short        ; open          ; open            ; open  ; 0 V                 ; -                  ; n/a           ; n/a             ; n/a         ;
; led[3]        ; 3.3-V LVTTL  ; 0 in              ; 0 H/in                  ; 0 F/in                  ; short         ; -                   ; open           ; open             ; open   ; 0 in             ; 0 H/in                 ; 0 F/in                 ; short        ; open          ; open            ; open  ; 0 V                 ; -                  ; n/a           ; n/a             ; n/a         ;
; ~ALTERA_DCLK~ ; 2.5 V        ; 0 in              ; 0 H/in                  ; 0 F/in                  ; short         ; -                   ; open           ; open             ; open   ; 0 in             ; 0 H/in                 ; 0 F/in                 ; short        ; open          ; open            ; open  ; 0 V                 ; -                  ; n/a           ; n/a             ; n/a         ;
; ~ALTERA_nCEO~ ; 3.3-V LVTTL  ; 0 in              ; 0 H/in                  ; 0 F/in                  ; short         ; -                   ; open           ; open             ; open   ; 0 in             ; 0 H/in                 ; 0 F/in                 ; short        ; open          ; open            ; open  ; 0 V                 ; -                  ; n/a           ; n/a             ; n/a         ;
+---------------+--------------+-------------------+-------------------------+-------------------------+---------------+---------------------+----------------+------------------+--------+------------------+------------------------+------------------------+--------------+---------------+-----------------+-------+---------------------+--------------------+---------------+-----------------+-------------+


+----------------------------------------------------------------------------+
; Input Transition Times                                                     ;
+-------------------------+--------------+-----------------+-----------------+
; Pin                     ; I/O Standard ; 10-90 Rise Time ; 90-10 Fall Time ;
+-------------------------+--------------+-----------------+-----------------+
; clk_40m                 ; 3.3-V LVTTL  ; 2640 ps         ; 2640 ps         ;
; ~ALTERA_ASDO_DATA1~     ; 2.5 V        ; 2000 ps         ; 2000 ps         ;
; ~ALTERA_FLASH_nCE_nCSO~ ; 2.5 V        ; 2000 ps         ; 2000 ps         ;
; ~ALTERA_DATA0~          ; 2.5 V        ; 2000 ps         ; 2000 ps         ;
+-------------------------+--------------+-----------------+-----------------+


+--------------------------------------------------------------------------------------------------------------------------------------------------------------------------------------------------------------------------------------------------------------------------------------------------------------------------------------------------------------------------------------------------------------------------------------------------------------------------------------------------------------------------------------------------------------------------------------------------------------------------------------------------------------------------------------------+
; Signal Integrity Metrics (Slow 1200mv 0c Model)                                                                                                                                                                                                                                                                                                                                                                                                                                                                                                                                                                                                                                            ;
+---------------+--------------+---------------------+---------------------+------------------------------+------------------------------+---------------------+---------------------+--------------------------------------+--------------------------------------+-----------------------------+-----------------------------+----------------------------+----------------------------+-----------------------------+-----------------------------+--------------------+--------------------+-------------------------------------+-------------------------------------+----------------------------+----------------------------+---------------------------+---------------------------+
; Pin           ; I/O Standard ; Board Delay on Rise ; Board Delay on Fall ; Steady State Voh at FPGA Pin ; Steady State Vol at FPGA Pin ; Voh Max at FPGA Pin ; Vol Min at FPGA Pin ; Ringback Voltage on Rise at FPGA Pin ; Ringback Voltage on Fall at FPGA Pin ; 10-90 Rise Time at FPGA Pin ; 90-10 Fall Time at FPGA Pin ; Monotonic Rise at FPGA Pin ; Monotonic Fall at FPGA Pin ; Steady State Voh at Far-end ; Steady State Vol at Far-end ; Voh Max at Far-end ; Vol Min at Far-end ; Ringback Voltage on Rise at Far-end ; Ringback Voltage on Fall at Far-end ; 10-90 Rise Time at Far-end ; 90-10 Fall Time at Far-end ; Monotonic Rise at Far-end ; Monotonic Fall at Far-end ;
+---------------+--------------+---------------------+---------------------+------------------------------+------------------------------+---------------------+---------------------+--------------------------------------+--------------------------------------+-----------------------------+-----------------------------+----------------------------+----------------------------+-----------------------------+-----------------------------+--------------------+--------------------+-------------------------------------+-------------------------------------+----------------------------+----------------------------+---------------------------+---------------------------+
; led[0]        ; 3.3-V LVTTL  ; 0 s                 ; 0 s                 ; 3.08 V                       ; 8.89e-09 V                   ; 3.12 V              ; -0.11 V             ; 0.153 V                              ; 0.272 V                              ; 6.41e-10 s                  ; 4.57e-10 s                  ; No                         ; Yes                        ; 3.08 V                      ; 8.89e-09 V                  ; 3.12 V             ; -0.11 V            ; 0.153 V                             ; 0.272 V                             ; 6.41e-10 s                 ; 4.57e-10 s                 ; No                        ; Yes                       ;
; led[1]        ; 3.3-V LVTTL  ; 0 s                 ; 0 s                 ; 3.08 V                       ; 8.89e-09 V                   ; 3.09 V              ; -0.011 V            ; 0.196 V                              ; 0.301 V                              ; 4.93e-09 s                  ; 3.56e-09 s                  ; Yes                        ; Yes                        ; 3.08 V                      ; 8.89e-09 V                  ; 3.09 V             ; -0.011 V           ; 0.196 V                             ; 0.301 V                             ; 4.93e-09 s                 ; 3.56e-09 s                 ; Yes                       ; Yes                       ;
; led[2]        ; 3.3-V LVTTL  ; 0 s                 ; 0 s                 ; 3.08 V                       ; 8.89e-09 V                   ; 3.12 V              ; -0.11 V             ; 0.153 V                              ; 0.272 V                              ; 6.41e-10 s                  ; 4.57e-10 s                  ; No                         ; Yes                        ; 3.08 V                      ; 8.89e-09 V                  ; 3.12 V             ; -0.11 V            ; 0.153 V                             ; 0.272 V                             ; 6.41e-10 s                 ; 4.57e-10 s                 ; No                        ; Yes                       ;
; led[3]        ; 3.3-V LVTTL  ; 0 s                 ; 0 s                 ; 3.08 V                       ; 8.89e-09 V                   ; 3.12 V              ; -0.11 V             ; 0.153 V                              ; 0.272 V                              ; 6.41e-10 s                  ; 4.57e-10 s                  ; No                         ; Yes                        ; 3.08 V                      ; 8.89e-09 V                  ; 3.12 V             ; -0.11 V            ; 0.153 V                             ; 0.272 V                             ; 6.41e-10 s                 ; 4.57e-10 s                 ; No                        ; Yes                       ;
; ~ALTERA_DCLK~ ; 2.5 V        ; 0 s                 ; 0 s                 ; 2.32 V                       ; 1.74e-09 V                   ; 2.37 V              ; -0.0346 V           ; 0.198 V                              ; 0.094 V                              ; 3.14e-10 s                  ; 2.92e-10 s                  ; Yes                        ; Yes                        ; 2.32 V                      ; 1.74e-09 V                  ; 2.37 V             ; -0.0346 V          ; 0.198 V                             ; 0.094 V                             ; 3.14e-10 s                 ; 2.92e-10 s                 ; Yes                       ; Yes                       ;
; ~ALTERA_nCEO~ ; 3.3-V LVTTL  ; 0 s                 ; 0 s                 ; 3.08 V                       ; 6.38e-09 V                   ; 3.12 V              ; -0.0818 V           ; 0.205 V                              ; 0.244 V                              ; 8.86e-10 s                  ; 6.56e-10 s                  ; No                         ; No                         ; 3.08 V                      ; 6.38e-09 V                  ; 3.12 V             ; -0.0818 V          ; 0.205 V                             ; 0.244 V                             ; 8.86e-10 s                 ; 6.56e-10 s                 ; No                        ; No                        ;
+---------------+--------------+---------------------+---------------------+------------------------------+------------------------------+---------------------+---------------------+--------------------------------------+--------------------------------------+-----------------------------+-----------------------------+----------------------------+----------------------------+-----------------------------+-----------------------------+--------------------+--------------------+-------------------------------------+-------------------------------------+----------------------------+----------------------------+---------------------------+---------------------------+


+--------------------------------------------------------------------------------------------------------------------------------------------------------------------------------------------------------------------------------------------------------------------------------------------------------------------------------------------------------------------------------------------------------------------------------------------------------------------------------------------------------------------------------------------------------------------------------------------------------------------------------------------------------------------------------------------+
; Signal Integrity Metrics (Slow 1200mv 85c Model)                                                                                                                                                                                                                                                                                                                                                                                                                                                                                                                                                                                                                                           ;
+---------------+--------------+---------------------+---------------------+------------------------------+------------------------------+---------------------+---------------------+--------------------------------------+--------------------------------------+-----------------------------+-----------------------------+----------------------------+----------------------------+-----------------------------+-----------------------------+--------------------+--------------------+-------------------------------------+-------------------------------------+----------------------------+----------------------------+---------------------------+---------------------------+
; Pin           ; I/O Standard ; Board Delay on Rise ; Board Delay on Fall ; Steady State Voh at FPGA Pin ; Steady State Vol at FPGA Pin ; Voh Max at FPGA Pin ; Vol Min at FPGA Pin ; Ringback Voltage on Rise at FPGA Pin ; Ringback Voltage on Fall at FPGA Pin ; 10-90 Rise Time at FPGA Pin ; 90-10 Fall Time at FPGA Pin ; Monotonic Rise at FPGA Pin ; Monotonic Fall at FPGA Pin ; Steady State Voh at Far-end ; Steady State Vol at Far-end ; Voh Max at Far-end ; Vol Min at Far-end ; Ringback Voltage on Rise at Far-end ; Ringback Voltage on Fall at Far-end ; 10-90 Rise Time at Far-end ; 90-10 Fall Time at Far-end ; Monotonic Rise at Far-end ; Monotonic Fall at Far-end ;
+---------------+--------------+---------------------+---------------------+------------------------------+------------------------------+---------------------+---------------------+--------------------------------------+--------------------------------------+-----------------------------+-----------------------------+----------------------------+----------------------------+-----------------------------+-----------------------------+--------------------+--------------------+-------------------------------------+-------------------------------------+----------------------------+----------------------------+---------------------------+---------------------------+
; led[0]        ; 3.3-V LVTTL  ; 0 s                 ; 0 s                 ; 3.08 V                       ; 7.5e-07 V                    ; 3.11 V              ; -0.0503 V           ; 0.122 V                              ; 0.172 V                              ; 7.08e-10 s                  ; 6.43e-10 s                  ; Yes                        ; Yes                        ; 3.08 V                      ; 7.5e-07 V                   ; 3.11 V             ; -0.0503 V          ; 0.122 V                             ; 0.172 V                             ; 7.08e-10 s                 ; 6.43e-10 s                 ; Yes                       ; Yes                       ;
; led[1]        ; 3.3-V LVTTL  ; 0 s                 ; 0 s                 ; 3.08 V                       ; 7.5e-07 V                    ; 3.08 V              ; -0.00457 V          ; 0.185 V                              ; 0.21 V                               ; 5.8e-09 s                   ; 4.46e-09 s                  ; Yes                        ; Yes                        ; 3.08 V                      ; 7.5e-07 V                   ; 3.08 V             ; -0.00457 V         ; 0.185 V                             ; 0.21 V                              ; 5.8e-09 s                  ; 4.46e-09 s                 ; Yes                       ; Yes                       ;
; led[2]        ; 3.3-V LVTTL  ; 0 s                 ; 0 s                 ; 3.08 V                       ; 7.5e-07 V                    ; 3.11 V              ; -0.0503 V           ; 0.122 V                              ; 0.172 V                              ; 7.08e-10 s                  ; 6.43e-10 s                  ; Yes                        ; Yes                        ; 3.08 V                      ; 7.5e-07 V                   ; 3.11 V             ; -0.0503 V          ; 0.122 V                             ; 0.172 V                             ; 7.08e-10 s                 ; 6.43e-10 s                 ; Yes                       ; Yes                       ;
; led[3]        ; 3.3-V LVTTL  ; 0 s                 ; 0 s                 ; 3.08 V                       ; 7.5e-07 V                    ; 3.11 V              ; -0.0503 V           ; 0.122 V                              ; 0.172 V                              ; 7.08e-10 s                  ; 6.43e-10 s                  ; Yes                        ; Yes                        ; 3.08 V                      ; 7.5e-07 V                   ; 3.11 V             ; -0.0503 V          ; 0.122 V                             ; 0.172 V                             ; 7.08e-10 s                 ; 6.43e-10 s                 ; Yes                       ; Yes                       ;
; ~ALTERA_DCLK~ ; 2.5 V        ; 0 s                 ; 0 s                 ; 2.32 V                       ; 1.55e-07 V                   ; 2.35 V              ; -0.00221 V          ; 0.097 V                              ; 0.005 V                              ; 4.49e-10 s                  ; 3.85e-10 s                  ; Yes                        ; Yes                        ; 2.32 V                      ; 1.55e-07 V                  ; 2.35 V             ; -0.00221 V         ; 0.097 V                             ; 0.005 V                             ; 4.49e-10 s                 ; 3.85e-10 s                 ; Yes                       ; Yes                       ;
; ~ALTERA_nCEO~ ; 3.3-V LVTTL  ; 0 s                 ; 0 s                 ; 3.08 V                       ; 5.04e-07 V                   ; 3.11 V              ; -0.0469 V           ; 0.191 V                              ; 0.215 V                              ; 1.08e-09 s                  ; 8.62e-10 s                  ; Yes                        ; No                         ; 3.08 V                      ; 5.04e-07 V                  ; 3.11 V             ; -0.0469 V          ; 0.191 V                             ; 0.215 V                             ; 1.08e-09 s                 ; 8.62e-10 s                 ; Yes                       ; No                        ;
+---------------+--------------+---------------------+---------------------+------------------------------+------------------------------+---------------------+---------------------+--------------------------------------+--------------------------------------+-----------------------------+-----------------------------+----------------------------+----------------------------+-----------------------------+-----------------------------+--------------------+--------------------+-------------------------------------+-------------------------------------+----------------------------+----------------------------+---------------------------+---------------------------+


+--------------------------------------------------------------------------------------------------------------------------------------------------------------------------------------------------------------------------------------------------------------------------------------------------------------------------------------------------------------------------------------------------------------------------------------------------------------------------------------------------------------------------------------------------------------------------------------------------------------------------------------------------------------------------------------------+
; Signal Integrity Metrics (Fast 1200mv 0c Model)                                                                                                                                                                                                                                                                                                                                                                                                                                                                                                                                                                                                                                            ;
+---------------+--------------+---------------------+---------------------+------------------------------+------------------------------+---------------------+---------------------+--------------------------------------+--------------------------------------+-----------------------------+-----------------------------+----------------------------+----------------------------+-----------------------------+-----------------------------+--------------------+--------------------+-------------------------------------+-------------------------------------+----------------------------+----------------------------+---------------------------+---------------------------+
; Pin           ; I/O Standard ; Board Delay on Rise ; Board Delay on Fall ; Steady State Voh at FPGA Pin ; Steady State Vol at FPGA Pin ; Voh Max at FPGA Pin ; Vol Min at FPGA Pin ; Ringback Voltage on Rise at FPGA Pin ; Ringback Voltage on Fall at FPGA Pin ; 10-90 Rise Time at FPGA Pin ; 90-10 Fall Time at FPGA Pin ; Monotonic Rise at FPGA Pin ; Monotonic Fall at FPGA Pin ; Steady State Voh at Far-end ; Steady State Vol at Far-end ; Voh Max at Far-end ; Vol Min at Far-end ; Ringback Voltage on Rise at Far-end ; Ringback Voltage on Fall at Far-end ; 10-90 Rise Time at Far-end ; 90-10 Fall Time at Far-end ; Monotonic Rise at Far-end ; Monotonic Fall at Far-end ;
+---------------+--------------+---------------------+---------------------+------------------------------+------------------------------+---------------------+---------------------+--------------------------------------+--------------------------------------+-----------------------------+-----------------------------+----------------------------+----------------------------+-----------------------------+-----------------------------+--------------------+--------------------+-------------------------------------+-------------------------------------+----------------------------+----------------------------+---------------------------+---------------------------+
; led[0]        ; 3.3-V LVTTL  ; 0 s                 ; 0 s                 ; 3.46 V                       ; 1.85e-07 V                   ; 3.57 V              ; -0.141 V            ; 0.301 V                              ; 0.239 V                              ; 4.61e-10 s                  ; 4.2e-10 s                   ; No                         ; No                         ; 3.46 V                      ; 1.85e-07 V                  ; 3.57 V             ; -0.141 V           ; 0.301 V                             ; 0.239 V                             ; 4.61e-10 s                 ; 4.2e-10 s                  ; No                        ; No                        ;
; led[1]        ; 3.3-V LVTTL  ; 0 s                 ; 0 s                 ; 3.46 V                       ; 1.85e-07 V                   ; 3.48 V              ; -0.0173 V           ; 0.356 V                              ; 0.324 V                              ; 3.89e-09 s                  ; 3.06e-09 s                  ; No                         ; No                         ; 3.46 V                      ; 1.85e-07 V                  ; 3.48 V             ; -0.0173 V          ; 0.356 V                             ; 0.324 V                             ; 3.89e-09 s                 ; 3.06e-09 s                 ; No                        ; No                        ;
; led[2]        ; 3.3-V LVTTL  ; 0 s                 ; 0 s                 ; 3.46 V                       ; 1.85e-07 V                   ; 3.57 V              ; -0.141 V            ; 0.301 V                              ; 0.239 V                              ; 4.61e-10 s                  ; 4.2e-10 s                   ; No                         ; No                         ; 3.46 V                      ; 1.85e-07 V                  ; 3.57 V             ; -0.141 V           ; 0.301 V                             ; 0.239 V                             ; 4.61e-10 s                 ; 4.2e-10 s                  ; No                        ; No                        ;
; led[3]        ; 3.3-V LVTTL  ; 0 s                 ; 0 s                 ; 3.46 V                       ; 1.85e-07 V                   ; 3.57 V              ; -0.141 V            ; 0.301 V                              ; 0.239 V                              ; 4.61e-10 s                  ; 4.2e-10 s                   ; No                         ; No                         ; 3.46 V                      ; 1.85e-07 V                  ; 3.57 V             ; -0.141 V           ; 0.301 V                             ; 0.239 V                             ; 4.61e-10 s                 ; 4.2e-10 s                  ; No                        ; No                        ;
; ~ALTERA_DCLK~ ; 2.5 V        ; 0 s                 ; 0 s                 ; 2.62 V                       ; 2.22e-08 V                   ; 2.74 V              ; -0.06 V             ; 0.158 V                              ; 0.08 V                               ; 2.68e-10 s                  ; 2.19e-10 s                  ; Yes                        ; Yes                        ; 2.62 V                      ; 2.22e-08 V                  ; 2.74 V             ; -0.06 V            ; 0.158 V                             ; 0.08 V                              ; 2.68e-10 s                 ; 2.19e-10 s                 ; Yes                       ; Yes                       ;
; ~ALTERA_nCEO~ ; 3.3-V LVTTL  ; 0 s                 ; 0 s                 ; 3.46 V                       ; 1.25e-07 V                   ; 3.57 V              ; -0.0855 V           ; 0.315 V                              ; 0.175 V                              ; 6.79e-10 s                  ; 6.15e-10 s                  ; No                         ; No                         ; 3.46 V                      ; 1.25e-07 V                  ; 3.57 V             ; -0.0855 V          ; 0.315 V                             ; 0.175 V                             ; 6.79e-10 s                 ; 6.15e-10 s                 ; No                        ; No                        ;
+---------------+--------------+---------------------+---------------------+------------------------------+------------------------------+---------------------+---------------------+--------------------------------------+--------------------------------------+-----------------------------+-----------------------------+----------------------------+----------------------------+-----------------------------+-----------------------------+--------------------+--------------------+-------------------------------------+-------------------------------------+----------------------------+----------------------------+---------------------------+---------------------------+


+---------------------------------------------------------------------------------------------------------------------------------------------------------+
; Setup Transfers                                                                                                                                         ;
+------------------------------------------------------+------------------------------------------------------+----------+----------+----------+----------+
; From Clock                                           ; To Clock                                             ; RR Paths ; FR Paths ; RF Paths ; FF Paths ;
+------------------------------------------------------+------------------------------------------------------+----------+----------+----------+----------+
; clk_500hz                                            ; clk_500hz                                            ; 99       ; 0        ; 0        ; 0        ;
; clk_500hz                                            ; pll_inst|altpll_component|auto_generated|pll1|clk[0] ; 1        ; 1        ; 0        ; 0        ;
; pll_inst|altpll_component|auto_generated|pll1|clk[0] ; pll_inst|altpll_component|auto_generated|pll1|clk[0] ; 35       ; 0        ; 0        ; 0        ;
+------------------------------------------------------+------------------------------------------------------+----------+----------+----------+----------+
Entries labeled "false path" only account for clock-to-clock false paths and not path-based false paths. As a result, actual path counts may be lower than reported.


+---------------------------------------------------------------------------------------------------------------------------------------------------------+
; Hold Transfers                                                                                                                                          ;
+------------------------------------------------------+------------------------------------------------------+----------+----------+----------+----------+
; From Clock                                           ; To Clock                                             ; RR Paths ; FR Paths ; RF Paths ; FF Paths ;
+------------------------------------------------------+------------------------------------------------------+----------+----------+----------+----------+
; clk_500hz                                            ; clk_500hz                                            ; 99       ; 0        ; 0        ; 0        ;
; clk_500hz                                            ; pll_inst|altpll_component|auto_generated|pll1|clk[0] ; 1        ; 1        ; 0        ; 0        ;
; pll_inst|altpll_component|auto_generated|pll1|clk[0] ; pll_inst|altpll_component|auto_generated|pll1|clk[0] ; 35       ; 0        ; 0        ; 0        ;
+------------------------------------------------------+------------------------------------------------------+----------+----------+----------+----------+
Entries labeled "false path" only account for clock-to-clock false paths and not path-based false paths. As a result, actual path counts may be lower than reported.


---------------
; Report TCCS ;
---------------
No dedicated SERDES Transmitter circuitry present in device or used in design


---------------
; Report RSKM ;
---------------
No non-DPA dedicated SERDES Receiver circuitry present in device or used in design


+------------------------------------------------+
; Unconstrained Paths Summary                    ;
+---------------------------------+-------+------+
; Property                        ; Setup ; Hold ;
+---------------------------------+-------+------+
; Illegal Clocks                  ; 0     ; 0    ;
; Unconstrained Clocks            ; 0     ; 0    ;
; Unconstrained Input Ports       ; 0     ; 0    ;
; Unconstrained Input Port Paths  ; 0     ; 0    ;
; Unconstrained Output Ports      ; 0     ; 0    ;
; Unconstrained Output Port Paths ; 0     ; 0    ;
+---------------------------------+-------+------+


+---------------------------------------------------------------------------------------------------------------------------------------+
; Clock Status Summary                                                                                                                  ;
+------------------------------------------------------+------------------------------------------------------+-----------+-------------+
; Target                                               ; Clock                                                ; Type      ; Status      ;
+------------------------------------------------------+------------------------------------------------------+-----------+-------------+
; clk_40m                                              ; clk_40m                                              ; Base      ; Constrained ;
; pll_inst|altpll_component|auto_generated|pll1|clk[0] ; pll_inst|altpll_component|auto_generated|pll1|clk[0] ; Generated ; Constrained ;
; r500hz[7]                                            ; clk_500hz                                            ; Generated ; Constrained ;
+------------------------------------------------------+------------------------------------------------------+-----------+-------------+


+--------------------------+
; Timing Analyzer Messages ;
+--------------------------+
Info: *******************************************************************
Info: Running Quartus Prime Timing Analyzer
    Info: Version 23.1std.1 Build 993 05/14/2024 SC Lite Edition
    Info: Processing started: Sat May 30 19:51:47 2026
Info: Command: quartus_sta ep4ce10 -c ep4ce10
Info: qsta_default_script.tcl version: #1
Info (20032): Parallel compilation is enabled and will use up to 8 processors
Info (21077): Low junction temperature is 0 degrees C
Info (21077): High junction temperature is 85 degrees C
Info (332104): Reading SDC File: 'ep4ce10.sdc'
Info (332110): Deriving PLL clocks
    Info (332110): create_generated_clock -source {pll_inst|altpll_component|auto_generated|pll1|inclk[0]} -divide_by 625 -multiply_by 2 -duty_cycle 50.00 -name {pll_inst|altpll_component|auto_generated|pll1|clk[0]} {pll_inst|altpll_component|auto_generated|pll1|clk[0]}
Info (332151): Clock uncertainty is not calculated until you update the timing netlist.
Info (332123): Deriving Clock Uncertainty. Please refer to report_sdc in the Timing Analyzer to see clock uncertainties.
Info: Found TIMING_ANALYZER_REPORT_SCRIPT_INCLUDE_DEFAULT_ANALYSIS = ON
Info: Analyzing Slow 1200mV 85C Model
Info (332146): Worst-case setup slack is 7809.710
    Info (332119):     Slack       End Point TNS Clock 
    Info (332119): ========= =================== =====================
    Info (332119):  7809.710               0.000 pll_inst|altpll_component|auto_generated|pll1|clk[0] 
    Info (332119): 1999990.719               0.000 clk_500hz 
Info (332146): Worst-case hold slack is 0.465
    Info (332119):     Slack       End Point TNS Clock 
    Info (332119): ========= =================== =====================
    Info (332119):     0.465               0.000 pll_inst|altpll_component|auto_generated|pll1|clk[0] 
    Info (332119):     0.498               0.000 clk_500hz 
Info (332140): No Recovery paths to report
Info (332140): No Removal paths to report
Info (332146): Worst-case minimum pulse width slack is 12.358
    Info (332119):     Slack       End Point TNS Clock 
    Info (332119): ========= =================== =====================
    Info (332119):    12.358               0.000 clk_40m 
    Info (332119):  3905.970               0.000 pll_inst|altpll_component|auto_generated|pll1|clk[0] 
    Info (332119): 999999.787               0.000 clk_500hz 
Info: Analyzing Slow 1200mV 0C Model
Info (334003): Started post-fitting delay annotation
Info (334004): Delay annotation completed successfully
Info (332123): Deriving Clock Uncertainty. Please refer to report_sdc in the Timing Analyzer to see clock uncertainties.
Info (332146): Worst-case setup slack is 7809.979
    Info (332119):     Slack       End Point TNS Clock 
    Info (332119): ========= =================== =====================
    Info (332119):  7809.979               0.000 pll_inst|altpll_component|auto_generated|pll1|clk[0] 
    Info (332119): 1999991.604               0.000 clk_500hz 
Info (332146): Worst-case hold slack is 0.416
    Info (332119):     Slack       End Point TNS Clock 
    Info (332119): ========= =================== =====================
    Info (332119):     0.416               0.000 pll_inst|altpll_component|auto_generated|pll1|clk[0] 
    Info (332119):     0.462               0.000 clk_500hz 
Info (332140): No Recovery paths to report
Info (332140): No Removal paths to report
Info (332146): Worst-case minimum pulse width slack is 12.355
    Info (332119):     Slack       End Point TNS Clock 
    Info (332119): ========= =================== =====================
    Info (332119):    12.355               0.000 clk_40m 
    Info (332119):  3905.968               0.000 pll_inst|altpll_component|auto_generated|pll1|clk[0] 
    Info (332119): 999999.773               0.000 clk_500hz 
Info: Analyzing Fast 1200mV 0C Model
Info (332123): Deriving Clock Uncertainty. Please refer to report_sdc in the Timing Analyzer to see clock uncertainties.
Info (332146): Worst-case setup slack is 7811.287
    Info (332119):     Slack       End Point TNS Clock 
    Info (332119): ========= =================== =====================
    Info (332119):  7811.287               0.000 pll_inst|altpll_component|auto_generated|pll1|clk[0] 
    Info (332119): 1999994.798               0.000 clk_500hz 
Info (332146): Worst-case hold slack is 0.193
    Info (332119):     Slack       End Point TNS Clock 
    Info (332119): ========= =================== =====================
    Info (332119):     0.193               0.000 pll_inst|altpll_component|auto_generated|pll1|clk[0] 
    Info (332119):     0.200               0.000 clk_500hz 
Info (332140): No Recovery paths to report
Info (332140): No Removal paths to report
Info (332146): Worst-case minimum pulse width slack is 11.923
    Info (332119):     Slack       End Point TNS Clock 
    Info (332119): ========= =================== =====================
    Info (332119):    11.923               0.000 clk_40m 
    Info (332119):  3906.049               0.000 pll_inst|altpll_component|auto_generated|pll1|clk[0] 
    Info (332119): 999999.768               0.000 clk_500hz 
Info (332101): Design is fully constrained for setup requirements
Info (332101): Design is fully constrained for hold requirements
Info: Quartus Prime Timing Analyzer was successful. 0 errors, 0 warnings
    Info: Peak virtual memory: 4828 megabytes
    Info: Processing ended: Sat May 30 19:51:49 2026
    Info: Elapsed time: 00:00:02
    Info: Total CPU time (on all processors): 00:00:01


